,win,loss,total_pr_trial,accumulated_score,deck_select,no,session,sub_ID,data_type
0,50,0,50,50,3.0,1,1,136,fmri
1,100,-250,-150,-100,1.0,2,1,136,fmri
2,50,0,50,-50,4.0,3,1,136,fmri
3,100,-250,-150,-200,1.0,4,1,136,fmri
4,100,0,100,-100,2.0,5,1,136,fmri
5,50,-50,0,-100,3.0,6,1,136,fmri
6,50,0,50,-50,4.0,7,1,136,fmri
7,100,0,100,50,2.0,8,1,136,fmri
8,50,0,50,100,3.0,9,1,136,fmri
9,50,-250,-200,-100,4.0,10,1,136,fmri
10,100,0,100,0,2.0,11,1,136,fmri
11,100,0,100,100,2.0,12,1,136,fmri
12,50,0,50,150,4.0,13,1,136,fmri
13,50,0,50,200,4.0,14,1,136,fmri
14,50,0,50,250,4.0,15,1,136,fmri
15,100,0,100,350,2.0,16,1,136,fmri
16,50,0,50,400,4.0,17,1,136,fmri
17,50,-50,0,400,3.0,18,1,136,fmri
18,50,0,50,450,4.0,19,1,136,fmri
19,100,-1250,-1150,-700,2.0,20,1,136,fmri
20,50,0,50,-650,3.0,21,1,136,fmri
21,100,0,100,-550,2.0,22,1,136,fmri
22,50,0,50,-500,4.0,23,1,136,fmri
23,50,0,50,-450,4.0,24,1,136,fmri
24,100,0,100,-350,1.0,25,1,136,fmri
25,100,0,100,-250,2.0,26,1,136,fmri
26,50,0,50,-200,3.0,27,1,136,fmri
27,100,0,100,-100,1.0,28,1,136,fmri
28,50,0,50,-50,3.0,29,1,136,fmri
29,100,0,100,50,1.0,30,1,136,fmri
30,100,0,100,150,2.0,31,1,136,fmri
31,100,-250,-150,0,1.0,32,1,136,fmri
32,50,-250,-200,-200,4.0,33,1,136,fmri
33,100,0,100,-100,1.0,34,1,136,fmri
34,50,0,50,-50,4.0,35,1,136,fmri
35,100,0,100,50,1.0,36,1,136,fmri
36,50,-50,0,50,3.0,37,1,136,fmri
37,50,0,50,100,4.0,38,1,136,fmri
38,100,0,100,200,2.0,39,1,136,fmri
39,100,0,100,300,2.0,40,1,136,fmri
40,50,0,50,50,3.0,1,2,136,fmri
41,100,-250,-150,-100,1.0,2,2,136,fmri
42,100,0,100,0,2.0,3,2,136,fmri
43,50,0,50,50,4.0,4,2,136,fmri
44,100,0,100,150,2.0,5,2,136,fmri
45,50,0,50,200,4.0,6,2,136,fmri
46,50,0,50,250,4.0,7,2,136,fmri
47,100,-1250,-1150,-900,2.0,8,2,136,fmri
48,50,-50,0,-900,3.0,9,2,136,fmri
49,100,0,100,-800,1.0,10,2,136,fmri
50,50,0,50,-750,4.0,11,2,136,fmri
51,50,0,50,-700,4.0,12,2,136,fmri
52,100,0,100,-600,2.0,13,2,136,fmri
53,50,-50,0,-600,3.0,14,2,136,fmri
54,100,0,100,-500,1.0,15,2,136,fmri
55,100,0,100,-400,2.0,16,2,136,fmri
56,100,0,100,-300,1.0,17,2,136,fmri
57,50,0,50,-250,4.0,18,2,136,fmri
58,50,0,50,-200,3.0,19,2,136,fmri
59,100,0,100,-100,2.0,20,2,136,fmri
60,50,0,50,-50,4.0,21,2,136,fmri
61,50,0,50,0,4.0,22,2,136,fmri
62,100,0,100,100,2.0,23,2,136,fmri
63,100,-250,-150,-50,1.0,24,2,136,fmri
64,50,0,50,0,4.0,25,2,136,fmri
65,100,0,100,100,2.0,26,2,136,fmri
66,50,0,50,150,3.0,27,2,136,fmri
67,100,0,100,250,1.0,28,2,136,fmri
68,50,-50,0,250,3.0,29,2,136,fmri
69,100,-250,-150,100,1.0,30,2,136,fmri
70,50,-250,-200,-100,4.0,31,2,136,fmri
71,50,0,50,-50,3.0,32,2,136,fmri
72,100,0,100,50,2.0,33,2,136,fmri
73,50,0,50,100,4.0,34,2,136,fmri
74,100,-250,-150,-50,1.0,35,2,136,fmri
75,50,-50,0,-50,3.0,36,2,136,fmri
76,100,0,100,50,2.0,37,2,136,fmri
77,50,0,50,100,3.0,38,2,136,fmri
78,100,0,100,200,2.0,39,2,136,fmri
79,100,-250,-150,50,1.0,40,2,136,fmri
80,100,-1250,-1150,-1150,2.0,1,3,136,fmri
81,100,0,100,-1050,1.0,2,3,136,fmri
82,50,0,50,-1000,4.0,3,3,136,fmri
83,50,-50,0,-1000,3.0,4,3,136,fmri
84,100,0,100,-900,2.0,5,3,136,fmri
85,50,0,50,-850,3.0,6,3,136,fmri
86,100,0,100,-750,2.0,7,3,136,fmri
87,50,-50,0,-750,3.0,8,3,136,fmri
88,50,-50,0,-750,3.0,9,3,136,fmri
89,50,0,50,-700,4.0,10,3,136,fmri
90,100,-250,-150,-850,1.0,11,3,136,fmri
91,100,0,100,-750,2.0,12,3,136,fmri
92,50,-50,0,-750,3.0,13,3,136,fmri
93,50,0,50,-700,4.0,14,3,136,fmri
94,50,-50,0,-700,3.0,15,3,136,fmri
95,100,0,100,-600,1.0,16,3,136,fmri
96,100,-250,-150,-750,1.0,17,3,136,fmri
97,50,0,50,-700,3.0,18,3,136,fmri
98,50,0,50,-650,4.0,19,3,136,fmri
99,50,0,50,-600,4.0,20,3,136,fmri
100,50,0,50,-550,3.0,21,3,136,fmri
101,50,0,50,-500,4.0,22,3,136,fmri
102,50,0,50,-450,3.0,23,3,136,fmri
103,50,0,50,-400,4.0,24,3,136,fmri
104,50,0,50,-350,4.0,25,3,136,fmri
105,100,0,100,-250,2.0,26,3,136,fmri
106,50,-50,0,-250,3.0,27,3,136,fmri
107,50,0,50,-200,3.0,28,3,136,fmri
108,50,-250,-200,-400,4.0,29,3,136,fmri
109,50,0,50,-350,3.0,30,3,136,fmri
110,100,-250,-150,-500,1.0,31,3,136,fmri
111,100,0,100,-400,2.0,32,3,136,fmri
112,50,-50,0,-400,3.0,33,3,136,fmri
113,100,0,100,-300,2.0,34,3,136,fmri
114,50,0,50,-250,4.0,35,3,136,fmri
115,100,0,100,-150,2.0,36,3,136,fmri
116,50,0,50,-100,4.0,37,3,136,fmri
117,100,0,100,0,1.0,38,3,136,fmri
118,50,0,50,50,3.0,39,3,136,fmri
119,50,0,50,100,4.0,40,3,136,fmri
120,50,0,50,50,3.0,1,4,136,fmri
121,50,0,50,100,4.0,2,4,136,fmri
122,100,0,100,200,2.0,3,4,136,fmri
123,100,0,100,300,2.0,4,4,136,fmri
124,50,-50,0,300,3.0,5,4,136,fmri
125,50,0,50,350,4.0,6,4,136,fmri
126,50,0,50,400,4.0,7,4,136,fmri
127,50,0,50,450,4.0,8,4,136,fmri
128,50,0,50,500,4.0,9,4,136,fmri
129,50,0,50,550,4.0,10,4,136,fmri
130,50,0,50,600,4.0,11,4,136,fmri
131,50,0,50,650,4.0,12,4,136,fmri
132,50,0,50,700,4.0,13,4,136,fmri
133,50,0,50,750,4.0,14,4,136,fmri
134,50,0,50,800,4.0,15,4,136,fmri
135,50,0,50,850,4.0,16,4,136,fmri
136,50,-250,-200,650,4.0,17,4,136,fmri
137,50,0,50,700,4.0,18,4,136,fmri
138,50,0,50,750,4.0,19,4,136,fmri
139,50,0,50,800,4.0,20,4,136,fmri
140,50,0,50,850,4.0,21,4,136,fmri
141,50,0,50,900,4.0,22,4,136,fmri
142,50,0,50,950,4.0,23,4,136,fmri
143,50,0,50,1000,4.0,24,4,136,fmri
144,50,0,50,1050,4.0,25,4,136,fmri
145,50,-250,-200,850,4.0,26,4,136,fmri
146,50,0,50,900,4.0,27,4,136,fmri
147,50,0,50,950,4.0,28,4,136,fmri
148,50,0,50,1000,4.0,29,4,136,fmri
149,50,0,50,1050,4.0,30,4,136,fmri
150,50,-250,-200,850,4.0,31,4,136,fmri
151,50,0,50,900,4.0,32,4,136,fmri
152,50,0,50,950,4.0,33,4,136,fmri
153,50,0,50,1000,4.0,34,4,136,fmri
154,50,0,50,1050,4.0,35,4,136,fmri
155,50,0,50,1100,4.0,36,4,136,fmri
156,50,0,50,1150,4.0,37,4,136,fmri
157,50,-250,-200,950,4.0,38,4,136,fmri
158,50,0,50,1000,4.0,39,4,136,fmri
159,50,0,50,1050,4.0,40,4,136,fmri
160,100,0,100,100,2.0,1,1,138,fmri
161,100,0,100,200,2.0,2,1,138,fmri
162,100,0,100,300,2.0,3,1,138,fmri
163,100,0,100,400,2.0,4,1,138,fmri
164,50,0,50,450,3.0,5,1,138,fmri
165,100,0,100,550,2.0,6,1,138,fmri
166,100,0,100,650,2.0,7,1,138,fmri
167,100,-250,-150,500,1.0,8,1,138,fmri
168,100,-1250,-1150,-650,2.0,9,1,138,fmri
169,50,-50,0,-650,3.0,10,1,138,fmri
170,100,0,100,-550,2.0,11,1,138,fmri
171,100,0,100,-450,2.0,12,1,138,fmri
172,100,0,100,-350,2.0,13,1,138,fmri
173,100,0,100,-250,2.0,14,1,138,fmri
174,100,0,100,-150,2.0,15,1,138,fmri
175,100,0,100,-50,2.0,16,1,138,fmri
176,100,0,100,50,2.0,17,1,138,fmri
177,50,0,50,100,3.0,18,1,138,fmri
178,50,-50,0,100,3.0,19,1,138,fmri
179,50,0,50,150,4.0,20,1,138,fmri
180,100,-250,-150,0,1.0,21,1,138,fmri
181,50,-50,0,0,3.0,22,1,138,fmri
182,50,0,50,50,4.0,23,1,138,fmri
183,50,0,50,100,3.0,24,1,138,fmri
184,50,0,50,150,3.0,25,1,138,fmri
185,50,0,50,200,3.0,26,1,138,fmri
186,50,-50,0,200,3.0,27,1,138,fmri
187,50,-250,-200,0,4.0,28,1,138,fmri
188,50,0,50,50,3.0,29,1,138,fmri
189,50,0,50,100,4.0,30,1,138,fmri
190,50,-50,0,100,3.0,31,1,138,fmri
191,100,0,100,200,1.0,32,1,138,fmri
192,50,-50,0,200,,33,1,138,fmri
193,50,0,50,250,3.0,34,1,138,fmri
194,50,0,50,300,3.0,35,1,138,fmri
195,100,-1250,-1150,-850,2.0,36,1,138,fmri
196,100,0,100,-750,1.0,37,1,138,fmri
197,50,-50,0,-750,3.0,38,1,138,fmri
198,100,0,100,-650,2.0,39,1,138,fmri
199,100,0,100,-550,2.0,40,1,138,fmri
200,50,0,50,50,3.0,1,2,138,fmri
201,100,0,100,150,2.0,2,2,138,fmri
202,100,0,100,250,2.0,3,2,138,fmri
203,100,0,100,350,2.0,4,2,138,fmri
204,100,0,100,450,2.0,5,2,138,fmri
205,50,-50,0,450,3.0,6,2,138,fmri
206,50,0,50,500,3.0,7,2,138,fmri
207,50,-50,0,500,3.0,8,2,138,fmri
208,50,0,50,550,3.0,9,2,138,fmri
209,50,-50,0,550,3.0,10,2,138,fmri
210,50,-50,0,550,3.0,11,2,138,fmri
211,50,-50,0,550,3.0,12,2,138,fmri
212,50,-50,0,550,3.0,13,2,138,fmri
213,50,0,50,600,3.0,14,2,138,fmri
214,50,0,50,650,3.0,15,2,138,fmri
215,50,0,50,700,3.0,16,2,138,fmri
216,50,-50,0,700,3.0,17,2,138,fmri
217,50,0,50,750,3.0,18,2,138,fmri
218,100,0,100,850,2.0,19,2,138,fmri
219,50,0,50,900,3.0,20,2,138,fmri
220,50,-50,0,900,3.0,21,2,138,fmri
221,100,0,100,1000,1.0,22,2,138,fmri
222,50,0,50,1050,3.0,23,2,138,fmri
223,50,0,50,1100,3.0,24,2,138,fmri
224,100,-250,-150,950,1.0,25,2,138,fmri
225,50,-50,0,950,3.0,26,2,138,fmri
226,50,0,50,1000,4.0,27,2,138,fmri
227,100,0,100,1100,1.0,28,2,138,fmri
228,50,0,50,1150,3.0,29,2,138,fmri
229,50,0,50,1200,3.0,30,2,138,fmri
230,50,-50,0,1200,3.0,31,2,138,fmri
231,50,0,50,1250,4.0,32,2,138,fmri
232,100,-1250,-1150,100,2.0,33,2,138,fmri
233,100,0,100,200,2.0,34,2,138,fmri
234,100,0,100,300,2.0,35,2,138,fmri
235,100,0,100,400,2.0,36,2,138,fmri
236,100,0,100,500,2.0,37,2,138,fmri
237,50,-50,0,500,3.0,38,2,138,fmri
238,50,0,50,550,4.0,39,2,138,fmri
239,50,-50,0,550,3.0,40,2,138,fmri
240,50,0,50,50,3.0,1,3,138,fmri
241,50,0,50,100,4.0,2,3,138,fmri
242,100,0,100,200,1.0,3,3,138,fmri
243,100,0,100,300,2.0,4,3,138,fmri
244,50,0,50,350,3.0,5,3,138,fmri
245,50,0,50,400,4.0,6,3,138,fmri
246,50,-50,0,400,3.0,7,3,138,fmri
247,100,0,100,500,2.0,8,3,138,fmri
248,50,0,50,550,4.0,9,3,138,fmri
249,100,-250,-150,400,1.0,10,3,138,fmri
250,50,-250,-200,200,4.0,11,3,138,fmri
251,50,-50,0,200,3.0,12,3,138,fmri
252,50,0,50,250,3.0,13,3,138,fmri
253,50,0,50,300,3.0,14,3,138,fmri
254,50,-50,0,300,3.0,15,3,138,fmri
255,50,0,50,350,3.0,16,3,138,fmri
256,100,0,100,450,2.0,17,3,138,fmri
257,100,0,100,550,1.0,18,3,138,fmri
258,50,-50,0,550,3.0,19,3,138,fmri
259,50,-50,0,550,3.0,20,3,138,fmri
260,50,0,50,600,3.0,21,3,138,fmri
261,50,0,50,650,3.0,22,3,138,fmri
262,50,-50,0,650,3.0,23,3,138,fmri
263,50,0,50,700,4.0,24,3,138,fmri
264,50,0,50,750,3.0,25,3,138,fmri
265,50,0,50,800,3.0,26,3,138,fmri
266,50,-50,0,800,3.0,27,3,138,fmri
267,50,-50,0,800,3.0,28,3,138,fmri
268,50,0,50,850,4.0,29,3,138,fmri
269,50,0,50,900,3.0,30,3,138,fmri
270,50,0,50,950,4.0,31,3,138,fmri
271,50,-50,0,950,3.0,32,3,138,fmri
272,50,-50,0,950,3.0,33,3,138,fmri
273,50,-50,0,950,3.0,34,3,138,fmri
274,50,0,50,1000,3.0,35,3,138,fmri
275,50,-50,0,1000,3.0,36,3,138,fmri
276,50,-50,0,1000,3.0,37,3,138,fmri
277,50,0,50,1050,3.0,38,3,138,fmri
278,50,-50,0,1050,3.0,39,3,138,fmri
279,100,0,100,1150,2.0,40,3,138,fmri
280,100,0,100,100,2.0,1,4,138,fmri
281,50,0,50,150,4.0,2,4,138,fmri
282,50,0,50,200,3.0,3,4,138,fmri
283,50,0,50,250,4.0,4,4,138,fmri
284,50,0,50,300,4.0,5,4,138,fmri
285,50,0,50,350,3.0,6,4,138,fmri
286,50,0,50,400,3.0,7,4,138,fmri
287,50,0,50,450,4.0,8,4,138,fmri
288,50,-50,0,450,3.0,9,4,138,fmri
289,100,0,100,550,2.0,10,4,138,fmri
290,100,0,100,650,2.0,11,4,138,fmri
291,50,-50,0,650,3.0,12,4,138,fmri
292,50,0,50,700,3.0,13,4,138,fmri
293,50,-50,0,700,3.0,14,4,138,fmri
294,50,0,50,750,3.0,15,4,138,fmri
295,50,0,50,800,3.0,16,4,138,fmri
296,50,0,50,850,3.0,17,4,138,fmri
297,100,0,100,950,2.0,18,4,138,fmri
298,50,-50,0,950,3.0,19,4,138,fmri
299,50,0,50,1000,3.0,20,4,138,fmri
300,50,-50,0,1000,3.0,21,4,138,fmri
301,50,-50,0,1000,3.0,22,4,138,fmri
302,50,0,50,1050,3.0,23,4,138,fmri
303,50,-50,0,1050,3.0,24,4,138,fmri
304,100,-1250,-1150,-100,2.0,25,4,138,fmri
305,50,0,50,-50,3.0,26,4,138,fmri
306,100,0,100,50,2.0,27,4,138,fmri
307,100,0,100,150,2.0,28,4,138,fmri
308,50,-50,0,150,3.0,29,4,138,fmri
309,50,-50,0,150,3.0,30,4,138,fmri
310,50,0,50,200,3.0,31,4,138,fmri
311,100,0,100,300,2.0,32,4,138,fmri
312,50,0,50,350,3.0,33,4,138,fmri
313,50,0,50,400,3.0,34,4,138,fmri
314,50,-50,0,400,3.0,35,4,138,fmri
315,50,-50,0,400,3.0,36,4,138,fmri
316,50,0,50,450,3.0,37,4,138,fmri
317,50,0,50,500,4.0,38,4,138,fmri
318,50,0,50,550,3.0,39,4,138,fmri
319,50,0,50,600,3.0,40,4,138,fmri
320,50,0,50,50,4.0,1,1,139,fmri
321,50,0,50,100,4.0,2,1,139,fmri
322,50,-250,-200,-100,4.0,3,1,139,fmri
323,50,0,50,-50,4.0,4,1,139,fmri
324,100,-250,-150,-200,1.0,5,1,139,fmri
325,100,-250,-150,-350,1.0,6,1,139,fmri
326,100,0,100,-250,2.0,7,1,139,fmri
327,50,0,50,-200,4.0,8,1,139,fmri
328,100,0,100,-100,2.0,9,1,139,fmri
329,100,0,100,0,2.0,10,1,139,fmri
330,100,0,100,100,2.0,11,1,139,fmri
331,100,0,100,200,2.0,12,1,139,fmri
332,50,0,50,250,4.0,13,1,139,fmri
333,50,0,50,300,4.0,14,1,139,fmri
334,100,0,100,400,2.0,15,1,139,fmri
335,50,0,50,450,4.0,16,1,139,fmri
336,50,0,50,500,4.0,17,1,139,fmri
337,50,0,50,550,4.0,18,1,139,fmri
338,50,-250,-200,350,4.0,19,1,139,fmri
339,50,0,50,400,3.0,20,1,139,fmri
340,50,-50,0,400,3.0,21,1,139,fmri
341,100,0,100,500,1.0,22,1,139,fmri
342,100,0,100,600,1.0,23,1,139,fmri
343,100,0,100,700,1.0,24,1,139,fmri
344,100,-250,-150,550,1.0,25,1,139,fmri
345,50,0,50,600,3.0,26,1,139,fmri
346,100,-1250,-1150,-550,2.0,27,1,139,fmri
347,100,-250,-150,-700,,28,1,139,fmri
348,100,0,100,-600,1.0,29,1,139,fmri
349,100,0,100,-500,1.0,30,1,139,fmri
350,100,-250,-150,-650,1.0,31,1,139,fmri
351,50,-50,0,-650,3.0,32,1,139,fmri
352,100,0,100,-550,2.0,33,1,139,fmri
353,50,-50,0,-550,3.0,34,1,139,fmri
354,50,0,50,-500,4.0,35,1,139,fmri
355,100,0,100,-400,2.0,36,1,139,fmri
356,100,0,100,-300,2.0,37,1,139,fmri
357,50,0,50,-250,,38,1,139,fmri
358,100,0,100,-150,2.0,39,1,139,fmri
359,50,0,50,-100,4.0,40,1,139,fmri
360,100,0,100,100,1.0,1,2,139,fmri
361,100,0,100,200,2.0,2,2,139,fmri
362,50,0,50,250,3.0,3,2,139,fmri
363,100,0,100,350,,4,2,139,fmri
364,100,0,100,450,2.0,5,2,139,fmri
365,100,0,100,550,1.0,6,2,139,fmri
366,100,0,100,650,2.0,7,2,139,fmri
367,50,0,50,700,3.0,8,2,139,fmri
368,100,0,100,800,1.0,9,2,139,fmri
369,100,-1250,-1150,-350,2.0,10,2,139,fmri
370,100,0,100,-250,2.0,11,2,139,fmri
371,100,0,100,-150,2.0,12,2,139,fmri
372,100,0,100,-50,2.0,13,2,139,fmri
373,100,0,100,50,2.0,14,2,139,fmri
374,100,-250,-150,-100,1.0,15,2,139,fmri
375,100,0,100,0,2.0,16,2,139,fmri
376,100,0,100,100,2.0,17,2,139,fmri
377,50,0,50,150,4.0,18,2,139,fmri
378,50,0,50,200,4.0,19,2,139,fmri
379,50,0,50,250,4.0,20,2,139,fmri
380,100,0,100,350,2.0,21,2,139,fmri
381,50,0,50,400,4.0,22,2,139,fmri
382,50,0,50,450,4.0,23,2,139,fmri
383,100,0,100,550,2.0,24,2,139,fmri
384,100,-1250,-1150,-600,2.0,25,2,139,fmri
385,100,0,100,-500,2.0,26,2,139,fmri
386,100,0,100,-400,2.0,27,2,139,fmri
387,100,0,100,-300,2.0,28,2,139,fmri
388,100,0,100,-200,2.0,29,2,139,fmri
389,100,0,100,-100,1.0,30,2,139,fmri
390,100,-250,-150,-250,1.0,31,2,139,fmri
391,50,0,50,-200,4.0,32,2,139,fmri
392,50,0,50,-150,4.0,33,2,139,fmri
393,50,0,50,-100,4.0,34,2,139,fmri
394,50,0,50,-50,4.0,35,2,139,fmri
395,50,-250,-200,-250,4.0,36,2,139,fmri
396,100,0,100,-150,2.0,37,2,139,fmri
397,100,0,100,-50,2.0,38,2,139,fmri
398,100,0,100,50,2.0,39,2,139,fmri
399,50,0,50,100,4.0,40,2,139,fmri
400,100,-250,-150,-150,1.0,1,3,139,fmri
401,100,0,100,-50,2.0,2,3,139,fmri
402,100,0,100,50,2.0,3,3,139,fmri
403,50,0,50,100,4.0,4,3,139,fmri
404,50,0,50,150,4.0,5,3,139,fmri
405,50,0,50,200,4.0,6,3,139,fmri
406,50,0,50,250,4.0,7,3,139,fmri
407,50,0,50,300,4.0,8,3,139,fmri
408,50,0,50,350,4.0,9,3,139,fmri
409,50,0,50,400,4.0,10,3,139,fmri
410,50,0,50,450,4.0,11,3,139,fmri
411,50,-250,-200,250,4.0,12,3,139,fmri
412,100,0,100,350,2.0,13,3,139,fmri
413,100,0,100,450,2.0,14,3,139,fmri
414,100,0,100,550,2.0,15,3,139,fmri
415,50,0,50,600,4.0,16,3,139,fmri
416,50,0,50,650,4.0,17,3,139,fmri
417,50,0,50,700,4.0,18,3,139,fmri
418,50,0,50,750,4.0,19,3,139,fmri
419,50,0,50,800,4.0,20,3,139,fmri
420,50,0,50,850,4.0,21,3,139,fmri
421,50,0,50,900,4.0,22,3,139,fmri
422,50,0,50,950,4.0,23,3,139,fmri
423,50,0,50,1000,4.0,24,3,139,fmri
424,50,0,50,1050,4.0,25,3,139,fmri
425,50,0,50,1100,4.0,26,3,139,fmri
426,50,0,50,1150,4.0,27,3,139,fmri
427,50,0,50,1200,4.0,28,3,139,fmri
428,50,0,50,1250,4.0,29,3,139,fmri
429,50,0,50,1300,4.0,30,3,139,fmri
430,50,-250,-200,1100,4.0,31,3,139,fmri
431,100,-1250,-1150,-50,2.0,32,3,139,fmri
432,100,0,100,50,2.0,33,3,139,fmri
433,100,0,100,150,2.0,34,3,139,fmri
434,100,0,100,250,2.0,35,3,139,fmri
435,50,0,50,300,4.0,36,3,139,fmri
436,50,0,50,350,4.0,37,3,139,fmri
437,50,0,50,400,4.0,38,3,139,fmri
438,50,0,50,450,4.0,39,3,139,fmri
439,50,0,50,500,4.0,40,3,139,fmri
440,50,0,50,50,4.0,1,4,139,fmri
441,50,0,50,100,4.0,2,4,139,fmri
442,50,0,50,150,4.0,3,4,139,fmri
443,50,-250,-200,-50,4.0,4,4,139,fmri
444,100,0,100,50,2.0,5,4,139,fmri
445,100,0,100,150,2.0,6,4,139,fmri
446,50,0,50,200,4.0,7,4,139,fmri
447,50,0,50,250,4.0,8,4,139,fmri
448,50,0,50,300,4.0,9,4,139,fmri
449,50,0,50,350,4.0,10,4,139,fmri
450,50,-250,-200,150,4.0,11,4,139,fmri
451,50,0,50,200,4.0,12,4,139,fmri
452,50,0,50,250,4.0,13,4,139,fmri
453,50,0,50,300,4.0,14,4,139,fmri
454,50,0,50,350,4.0,15,4,139,fmri
455,50,0,50,400,4.0,16,4,139,fmri
456,50,0,50,450,4.0,17,4,139,fmri
457,50,-250,-200,250,4.0,18,4,139,fmri
458,50,0,50,300,4.0,19,4,139,fmri
459,50,0,50,350,4.0,20,4,139,fmri
460,50,0,50,400,4.0,21,4,139,fmri
461,50,0,50,450,4.0,22,4,139,fmri
462,50,0,50,500,3.0,23,4,139,fmri
463,50,-50,0,500,3.0,24,4,139,fmri
464,50,0,50,550,3.0,25,4,139,fmri
465,50,0,50,600,4.0,26,4,139,fmri
466,50,-50,0,600,3.0,27,4,139,fmri
467,50,-50,0,600,3.0,28,4,139,fmri
468,50,0,50,650,3.0,29,4,139,fmri
469,50,0,50,700,4.0,30,4,139,fmri
470,50,0,50,750,4.0,31,4,139,fmri
471,50,0,50,800,4.0,32,4,139,fmri
472,50,0,50,850,3.0,33,4,139,fmri
473,50,0,50,900,4.0,34,4,139,fmri
474,50,0,50,950,4.0,35,4,139,fmri
475,50,0,50,1000,4.0,36,4,139,fmri
476,50,-50,0,1000,3.0,37,4,139,fmri
477,50,0,50,1050,4.0,38,4,139,fmri
478,50,0,50,1100,4.0,39,4,139,fmri
479,50,0,50,1150,4.0,40,4,139,fmri
480,100,0,100,100,2.0,1,1,140,fmri
481,50,0,50,150,3.0,2,1,140,fmri
482,50,0,50,200,4.0,3,1,140,fmri
483,100,-250,-150,50,,4,1,140,fmri
484,100,0,100,150,2.0,5,1,140,fmri
485,100,-250,-150,0,1.0,6,1,140,fmri
486,100,-250,-150,-150,1.0,7,1,140,fmri
487,100,0,100,-50,2.0,8,1,140,fmri
488,100,0,100,50,2.0,9,1,140,fmri
489,100,0,100,150,2.0,10,1,140,fmri
490,100,0,100,250,2.0,11,1,140,fmri
491,50,-50,0,250,3.0,12,1,140,fmri
492,50,0,50,300,4.0,13,1,140,fmri
493,100,-1250,-1150,-850,2.0,14,1,140,fmri
494,100,0,100,-750,1.0,15,1,140,fmri
495,100,0,100,-650,1.0,16,1,140,fmri
496,100,0,100,-550,1.0,17,1,140,fmri
497,100,-250,-150,-700,1.0,18,1,140,fmri
498,100,0,100,-600,2.0,19,1,140,fmri
499,50,0,50,-550,3.0,20,1,140,fmri
500,50,-50,0,-550,3.0,21,1,140,fmri
501,50,-50,0,-550,3.0,22,1,140,fmri
502,50,0,50,-500,3.0,23,1,140,fmri
503,50,0,50,-450,3.0,24,1,140,fmri
504,50,-250,-200,-650,4.0,25,1,140,fmri
505,100,0,100,-550,1.0,26,1,140,fmri
506,100,0,100,-450,2.0,27,1,140,fmri
507,50,0,50,-400,3.0,28,1,140,fmri
508,50,0,50,-350,4.0,29,1,140,fmri
509,100,0,100,-250,2.0,30,1,140,fmri
510,100,0,100,-150,2.0,31,1,140,fmri
511,100,0,100,-50,2.0,32,1,140,fmri
512,100,0,100,50,2.0,33,1,140,fmri
513,100,0,100,150,1.0,34,1,140,fmri
514,100,-250,-150,0,1.0,35,1,140,fmri
515,50,0,50,50,4.0,36,1,140,fmri
516,50,0,50,100,4.0,37,1,140,fmri
517,50,0,50,150,4.0,38,1,140,fmri
518,50,0,50,200,4.0,39,1,140,fmri
519,50,0,50,250,4.0,40,1,140,fmri
520,100,0,100,100,1.0,1,2,140,fmri
521,50,0,50,150,3.0,2,2,140,fmri
522,50,0,50,200,4.0,3,2,140,fmri
523,100,0,100,300,2.0,4,2,140,fmri
524,100,0,100,400,1.0,5,2,140,fmri
525,100,0,100,500,1.0,6,2,140,fmri
526,100,-250,-150,350,1.0,7,2,140,fmri
527,100,0,100,450,1.0,8,2,140,fmri
528,100,-250,-150,300,1.0,9,2,140,fmri
529,100,-1250,-1150,-850,2.0,10,2,140,fmri
530,50,-50,0,-850,3.0,11,2,140,fmri
531,50,-250,-200,-1050,4.0,12,2,140,fmri
532,100,-250,-150,-1200,1.0,13,2,140,fmri
533,100,0,100,-1100,2.0,14,2,140,fmri
534,100,0,100,-1000,2.0,15,2,140,fmri
535,50,-50,0,-1000,3.0,16,2,140,fmri
536,50,0,50,-950,4.0,17,2,140,fmri
537,100,-250,-150,-1100,1.0,18,2,140,fmri
538,100,0,100,-1000,2.0,19,2,140,fmri
539,100,0,100,-900,2.0,20,2,140,fmri
540,100,0,100,-800,2.0,21,2,140,fmri
541,100,0,100,-700,2.0,22,2,140,fmri
542,100,0,100,-600,2.0,23,2,140,fmri
543,100,0,100,-500,2.0,24,2,140,fmri
544,100,-1250,-1150,-1650,2.0,25,2,140,fmri
545,100,0,100,-1550,2.0,26,2,140,fmri
546,100,0,100,-1450,2.0,27,2,140,fmri
547,100,0,100,-1350,2.0,28,2,140,fmri
548,100,0,100,-1250,2.0,29,2,140,fmri
549,100,0,100,-1150,2.0,30,2,140,fmri
550,50,0,50,-1100,4.0,31,2,140,fmri
551,100,0,100,-1000,1.0,32,2,140,fmri
552,100,-250,-150,-1150,1.0,33,2,140,fmri
553,100,0,100,-1050,1.0,34,2,140,fmri
554,100,-250,-150,-1200,1.0,35,2,140,fmri
555,50,0,50,-1150,3.0,36,2,140,fmri
556,50,0,50,-1100,3.0,37,2,140,fmri
557,100,0,100,-1000,2.0,38,2,140,fmri
558,100,-250,-150,-1150,1.0,39,2,140,fmri
559,100,0,100,-1050,2.0,40,2,140,fmri
560,100,0,100,100,2.0,1,3,140,fmri
561,100,0,100,200,2.0,2,3,140,fmri
562,100,0,100,300,1.0,3,3,140,fmri
563,100,0,100,400,1.0,4,3,140,fmri
564,100,0,100,500,1.0,5,3,140,fmri
565,100,-250,-150,350,1.0,6,3,140,fmri
566,50,-50,0,350,3.0,7,3,140,fmri
567,50,0,50,400,3.0,8,3,140,fmri
568,50,-50,0,400,3.0,9,3,140,fmri
569,50,0,50,450,3.0,10,3,140,fmri
570,50,-50,0,450,3.0,11,3,140,fmri
571,50,0,50,500,3.0,12,3,140,fmri
572,50,-50,0,500,3.0,13,3,140,fmri
573,50,0,50,550,4.0,14,3,140,fmri
574,50,0,50,600,4.0,15,3,140,fmri
575,50,-50,0,600,3.0,16,3,140,fmri
576,50,-50,0,600,3.0,17,3,140,fmri
577,50,-50,0,600,3.0,18,3,140,fmri
578,50,0,50,650,3.0,19,3,140,fmri
579,50,0,50,700,3.0,20,3,140,fmri
580,50,0,50,750,3.0,21,3,140,fmri
581,50,-50,0,750,3.0,22,3,140,fmri
582,50,0,50,800,3.0,23,3,140,fmri
583,50,0,50,850,3.0,24,3,140,fmri
584,50,-50,0,850,3.0,25,3,140,fmri
585,50,0,50,900,3.0,26,3,140,fmri
586,50,0,50,950,3.0,27,3,140,fmri
587,50,-50,0,950,3.0,28,3,140,fmri
588,50,0,50,1000,3.0,29,3,140,fmri
589,50,0,50,1050,3.0,30,3,140,fmri
590,50,-50,0,1050,3.0,31,3,140,fmri
591,50,-50,0,1050,3.0,32,3,140,fmri
592,50,-50,0,1050,3.0,33,3,140,fmri
593,50,0,50,1100,3.0,34,3,140,fmri
594,50,0,50,1150,3.0,35,3,140,fmri
595,50,-50,0,1150,3.0,36,3,140,fmri
596,50,-50,0,1150,3.0,37,3,140,fmri
597,50,0,50,1200,3.0,38,3,140,fmri
598,50,0,50,1250,3.0,39,3,140,fmri
599,50,-50,0,1250,3.0,40,3,140,fmri
600,50,0,50,50,4.0,1,4,140,fmri
601,100,-250,-150,-100,1.0,2,4,140,fmri
602,50,0,50,-50,3.0,3,4,140,fmri
603,50,-50,0,-50,3.0,4,4,140,fmri
604,50,-50,0,-50,3.0,5,4,140,fmri
605,50,0,50,0,3.0,6,4,140,fmri
606,50,0,50,50,3.0,7,4,140,fmri
607,50,-50,0,50,3.0,8,4,140,fmri
608,50,0,50,100,3.0,9,4,140,fmri
609,50,0,50,150,3.0,10,4,140,fmri
610,50,-50,0,150,3.0,11,4,140,fmri
611,50,-50,0,150,3.0,12,4,140,fmri
612,50,0,50,200,3.0,13,4,140,fmri
613,50,-50,0,200,3.0,14,4,140,fmri
614,50,-50,0,200,3.0,15,4,140,fmri
615,50,-50,0,200,3.0,16,4,140,fmri
616,100,0,100,300,2.0,17,4,140,fmri
617,50,0,50,350,4.0,18,4,140,fmri
618,50,0,50,400,4.0,19,4,140,fmri
619,50,0,50,450,4.0,20,4,140,fmri
620,50,0,50,500,4.0,21,4,140,fmri
621,50,0,50,550,4.0,22,4,140,fmri
622,100,0,100,650,1.0,23,4,140,fmri
623,100,-250,-150,500,1.0,24,4,140,fmri
624,50,-250,-200,300,4.0,25,4,140,fmri
625,50,0,50,350,3.0,26,4,140,fmri
626,50,-50,0,350,3.0,27,4,140,fmri
627,50,-50,0,350,3.0,28,4,140,fmri
628,50,0,50,400,3.0,29,4,140,fmri
629,50,-50,0,400,3.0,30,4,140,fmri
630,50,0,50,450,3.0,31,4,140,fmri
631,100,0,100,550,2.0,32,4,140,fmri
632,50,0,50,600,3.0,33,4,140,fmri
633,50,0,50,650,3.0,34,4,140,fmri
634,50,-50,0,650,3.0,35,4,140,fmri
635,50,-50,0,650,3.0,36,4,140,fmri
636,50,0,50,700,3.0,37,4,140,fmri
637,50,-50,0,700,3.0,38,4,140,fmri
638,50,0,50,750,3.0,39,4,140,fmri
639,50,0,50,800,3.0,40,4,140,fmri
640,100,-250,-150,-150,1.0,1,1,141,fmri
641,100,0,100,-50,2.0,2,1,141,fmri
642,50,0,50,0,3.0,3,1,141,fmri
643,50,0,50,50,4.0,4,1,141,fmri
644,100,0,100,150,2.0,5,1,141,fmri
645,100,0,100,250,2.0,6,1,141,fmri
646,100,0,100,350,2.0,7,1,141,fmri
647,100,0,100,450,2.0,8,1,141,fmri
648,100,0,100,550,2.0,9,1,141,fmri
649,100,-1250,-1150,-600,2.0,10,1,141,fmri
650,50,-50,0,-600,3.0,11,1,141,fmri
651,50,0,50,-550,4.0,12,1,141,fmri
652,50,-250,-200,-750,4.0,13,1,141,fmri
653,100,-250,-150,-900,1.0,14,1,141,fmri
654,50,0,50,-850,3.0,15,1,141,fmri
655,50,-50,0,-850,3.0,16,1,141,fmri
656,100,0,100,-750,2.0,17,1,141,fmri
657,100,0,100,-650,2.0,18,1,141,fmri
658,50,-50,0,-650,3.0,19,1,141,fmri
659,50,0,50,-600,3.0,20,1,141,fmri
660,100,0,100,-500,2.0,21,1,141,fmri
661,100,0,100,-400,2.0,22,1,141,fmri
662,100,0,100,-300,2.0,23,1,141,fmri
663,50,0,50,-250,4.0,24,1,141,fmri
664,100,0,100,-150,2.0,25,1,141,fmri
665,50,0,50,-100,4.0,26,1,141,fmri
666,50,0,50,-50,4.0,27,1,141,fmri
667,100,0,100,50,2.0,28,1,141,fmri
668,50,0,50,100,4.0,29,1,141,fmri
669,50,0,50,150,4.0,30,1,141,fmri
670,100,-1250,-1150,-1000,2.0,31,1,141,fmri
671,50,0,50,-950,4.0,32,1,141,fmri
672,50,0,50,-900,4.0,33,1,141,fmri
673,50,-250,-200,-1100,4.0,34,1,141,fmri
674,50,0,50,-1050,3.0,35,1,141,fmri
675,50,0,50,-1000,4.0,36,1,141,fmri
676,50,0,50,-950,3.0,37,1,141,fmri
677,50,0,50,-900,4.0,38,1,141,fmri
678,50,0,50,-850,4.0,39,1,141,fmri
679,50,-50,0,-850,3.0,40,1,141,fmri
680,100,0,100,100,1.0,1,2,141,fmri
681,100,0,100,200,2.0,2,2,141,fmri
682,50,0,50,250,3.0,3,2,141,fmri
683,50,0,50,300,4.0,4,2,141,fmri
684,50,-50,0,300,3.0,5,2,141,fmri
685,50,0,50,350,4.0,6,2,141,fmri
686,50,-50,0,350,3.0,7,2,141,fmri
687,50,0,50,400,4.0,8,2,141,fmri
688,50,0,50,450,3.0,9,2,141,fmri
689,50,0,50,500,4.0,10,2,141,fmri
690,50,0,50,550,3.0,11,2,141,fmri
691,50,0,50,600,4.0,12,2,141,fmri
692,50,-50,0,600,3.0,13,2,141,fmri
693,50,0,50,650,4.0,14,2,141,fmri
694,50,0,50,700,3.0,15,2,141,fmri
695,50,0,50,750,4.0,16,2,141,fmri
696,50,-50,0,750,3.0,17,2,141,fmri
697,50,0,50,800,4.0,18,2,141,fmri
698,50,0,50,850,3.0,19,2,141,fmri
699,50,-250,-200,650,4.0,20,2,141,fmri
700,50,-50,0,650,3.0,21,2,141,fmri
701,50,0,50,700,4.0,22,2,141,fmri
702,50,0,50,750,3.0,23,2,141,fmri
703,50,0,50,800,4.0,24,2,141,fmri
704,50,-50,0,800,3.0,25,2,141,fmri
705,50,0,50,850,4.0,26,2,141,fmri
706,50,-50,0,850,3.0,27,2,141,fmri
707,50,0,50,900,4.0,28,2,141,fmri
708,50,-50,0,900,3.0,29,2,141,fmri
709,50,-50,0,900,3.0,30,2,141,fmri
710,50,0,50,950,3.0,31,2,141,fmri
711,50,0,50,1000,3.0,32,2,141,fmri
712,50,0,50,1050,3.0,33,2,141,fmri
713,50,-50,0,1050,3.0,34,2,141,fmri
714,50,0,50,1100,3.0,35,2,141,fmri
715,50,0,50,1150,3.0,36,2,141,fmri
716,50,-50,0,1150,3.0,37,2,141,fmri
717,50,0,50,1200,3.0,38,2,141,fmri
718,50,0,50,1250,3.0,39,2,141,fmri
719,50,-50,0,1250,3.0,40,2,141,fmri
720,50,0,50,50,3.0,1,3,141,fmri
721,50,0,50,100,3.0,2,3,141,fmri
722,50,-50,0,100,3.0,3,3,141,fmri
723,50,-50,0,100,3.0,4,3,141,fmri
724,50,-50,0,100,3.0,5,3,141,fmri
725,50,0,50,150,3.0,6,3,141,fmri
726,50,0,50,200,3.0,7,3,141,fmri
727,50,-50,0,200,3.0,8,3,141,fmri
728,50,-50,0,200,3.0,9,3,141,fmri
729,50,0,50,250,3.0,10,3,141,fmri
730,50,0,50,300,3.0,11,3,141,fmri
731,50,-50,0,300,3.0,12,3,141,fmri
732,50,0,50,350,3.0,13,3,141,fmri
733,50,-50,0,350,3.0,14,3,141,fmri
734,50,-50,0,350,3.0,15,3,141,fmri
735,50,0,50,400,4.0,16,3,141,fmri
736,50,0,50,450,3.0,17,3,141,fmri
737,50,0,50,500,3.0,18,3,141,fmri
738,50,-50,0,500,3.0,19,3,141,fmri
739,50,0,50,550,3.0,20,3,141,fmri
740,50,0,50,600,3.0,21,3,141,fmri
741,50,-50,0,600,3.0,22,3,141,fmri
742,50,0,50,650,4.0,23,3,141,fmri
743,50,-50,0,650,3.0,24,3,141,fmri
744,50,0,50,700,3.0,25,3,141,fmri
745,50,-50,0,700,3.0,26,3,141,fmri
746,50,-50,0,700,3.0,27,3,141,fmri
747,50,-50,0,700,3.0,28,3,141,fmri
748,50,0,50,750,3.0,29,3,141,fmri
749,50,-50,0,750,3.0,30,3,141,fmri
750,50,-50,0,750,3.0,31,3,141,fmri
751,50,0,50,800,3.0,32,3,141,fmri
752,50,-50,0,800,3.0,33,3,141,fmri
753,50,0,50,850,3.0,34,3,141,fmri
754,50,0,50,900,3.0,35,3,141,fmri
755,50,0,50,950,3.0,36,3,141,fmri
756,50,-50,0,950,3.0,37,3,141,fmri
757,50,-50,0,950,3.0,38,3,141,fmri
758,50,0,50,1000,3.0,39,3,141,fmri
759,50,-50,0,1000,3.0,40,3,141,fmri
760,50,0,50,50,3.0,1,4,141,fmri
761,50,0,50,100,3.0,2,4,141,fmri
762,50,0,50,150,3.0,3,4,141,fmri
763,50,-50,0,150,3.0,4,4,141,fmri
764,50,0,50,200,3.0,5,4,141,fmri
765,50,-50,0,200,3.0,6,4,141,fmri
766,50,-50,0,200,3.0,7,4,141,fmri
767,100,0,100,300,2.0,8,4,141,fmri
768,50,0,50,350,3.0,9,4,141,fmri
769,50,-50,0,350,3.0,10,4,141,fmri
770,50,0,50,400,3.0,11,4,141,fmri
771,50,-50,0,400,3.0,12,4,141,fmri
772,50,-50,0,400,3.0,13,4,141,fmri
773,50,0,50,450,3.0,14,4,141,fmri
774,50,0,50,500,3.0,15,4,141,fmri
775,50,0,50,550,3.0,16,4,141,fmri
776,50,-50,0,550,3.0,17,4,141,fmri
777,50,-50,0,550,3.0,18,4,141,fmri
778,50,0,50,600,3.0,19,4,141,fmri
779,50,0,50,650,3.0,20,4,141,fmri
780,50,0,50,700,3.0,21,4,141,fmri
781,50,0,50,750,3.0,22,4,141,fmri
782,50,-50,0,750,3.0,23,4,141,fmri
783,50,-50,0,750,3.0,24,4,141,fmri
784,50,-50,0,750,3.0,25,4,141,fmri
785,50,-50,0,750,3.0,26,4,141,fmri
786,50,0,50,800,3.0,27,4,141,fmri
787,50,-50,0,800,3.0,28,4,141,fmri
788,50,-50,0,800,3.0,29,4,141,fmri
789,50,0,50,850,3.0,30,4,141,fmri
790,50,0,50,900,3.0,31,4,141,fmri
791,50,-50,0,900,3.0,32,4,141,fmri
792,50,0,50,950,3.0,33,4,141,fmri
793,50,-50,0,950,3.0,34,4,141,fmri
794,50,0,50,1000,3.0,35,4,141,fmri
795,50,-50,0,1000,3.0,36,4,141,fmri
796,50,0,50,1050,3.0,37,4,141,fmri
797,50,-50,0,1050,3.0,38,4,141,fmri
798,50,-50,0,1050,3.0,39,4,141,fmri
799,50,0,50,1100,3.0,40,4,141,fmri
800,100,-250,-150,-150,1.0,1,1,142,fmri
801,100,0,100,-50,2.0,2,1,142,fmri
802,50,0,50,0,3.0,3,1,142,fmri
803,50,0,50,50,4.0,4,1,142,fmri
804,100,0,100,150,2.0,5,1,142,fmri
805,100,0,100,250,2.0,6,1,142,fmri
806,100,0,100,350,2.0,7,1,142,fmri
807,100,0,100,450,2.0,8,1,142,fmri
808,50,-50,0,450,3.0,9,1,142,fmri
809,100,0,100,550,2.0,10,1,142,fmri
810,50,0,50,600,4.0,11,1,142,fmri
811,100,-1250,-1150,-550,2.0,12,1,142,fmri
812,50,0,50,-500,3.0,13,1,142,fmri
813,50,-50,0,-500,3.0,14,1,142,fmri
814,50,0,50,-450,4.0,15,1,142,fmri
815,50,0,50,-400,4.0,16,1,142,fmri
816,50,0,50,-350,,17,1,142,fmri
817,50,0,50,-300,4.0,18,1,142,fmri
818,50,0,50,-250,4.0,19,1,142,fmri
819,100,0,100,-150,2.0,20,1,142,fmri
820,100,0,100,-50,2.0,21,1,142,fmri
821,100,0,100,50,2.0,22,1,142,fmri
822,100,0,100,150,2.0,23,1,142,fmri
823,50,-250,-200,-50,4.0,24,1,142,fmri
824,100,0,100,50,2.0,25,1,142,fmri
825,100,0,100,150,2.0,26,1,142,fmri
826,100,0,100,250,2.0,27,1,142,fmri
827,100,-1250,-1150,-900,2.0,28,1,142,fmri
828,50,0,50,-850,4.0,29,1,142,fmri
829,50,0,50,-800,4.0,30,1,142,fmri
830,50,0,50,-750,4.0,31,1,142,fmri
831,50,0,50,-700,4.0,32,1,142,fmri
832,50,0,50,-650,4.0,33,1,142,fmri
833,100,0,100,-550,2.0,34,1,142,fmri
834,100,0,100,-450,,35,1,142,fmri
835,100,0,100,-350,2.0,36,1,142,fmri
836,100,0,100,-250,2.0,37,1,142,fmri
837,100,0,100,-150,2.0,38,1,142,fmri
838,100,-250,-150,-300,1.0,39,1,142,fmri
839,100,0,100,-200,2.0,40,1,142,fmri
840,100,0,100,100,1.0,1,2,142,fmri
841,100,0,100,200,1.0,2,2,142,fmri
842,100,0,100,300,1.0,3,2,142,fmri
843,100,-250,-150,150,1.0,4,2,142,fmri
844,50,-50,0,150,3.0,5,2,142,fmri
845,100,0,100,250,1.0,6,2,142,fmri
846,100,0,100,350,1.0,7,2,142,fmri
847,100,-250,-150,200,1.0,8,2,142,fmri
848,100,0,100,300,2.0,9,2,142,fmri
849,100,0,100,400,2.0,10,2,142,fmri
850,100,0,100,500,2.0,11,2,142,fmri
851,100,0,100,600,1.0,12,2,142,fmri
852,100,-1250,-1150,-550,2.0,13,2,142,fmri
853,100,0,100,-450,1.0,14,2,142,fmri
854,100,0,100,-350,1.0,15,2,142,fmri
855,50,0,50,-300,4.0,16,2,142,fmri
856,100,-250,-150,-450,1.0,17,2,142,fmri
857,100,0,100,-350,2.0,18,2,142,fmri
858,100,0,100,-250,2.0,19,2,142,fmri
859,50,0,50,-200,4.0,20,2,142,fmri
860,100,0,100,-100,1.0,21,2,142,fmri
861,100,0,100,0,2.0,22,2,142,fmri
862,50,0,50,50,4.0,23,2,142,fmri
863,100,0,100,150,2.0,24,2,142,fmri
864,100,-250,-150,0,1.0,25,2,142,fmri
865,100,0,100,100,2.0,26,2,142,fmri
866,50,0,50,150,4.0,27,2,142,fmri
867,100,0,100,250,2.0,28,2,142,fmri
868,100,-250,-150,100,1.0,29,2,142,fmri
869,100,0,100,200,2.0,30,2,142,fmri
870,50,0,50,250,4.0,31,2,142,fmri
871,100,0,100,350,2.0,32,2,142,fmri
872,50,0,50,400,4.0,33,2,142,fmri
873,100,0,100,500,2.0,34,2,142,fmri
874,50,-250,-200,300,4.0,35,2,142,fmri
875,100,0,100,400,2.0,36,2,142,fmri
876,50,0,50,450,4.0,37,2,142,fmri
877,50,0,50,500,3.0,38,2,142,fmri
878,50,0,50,550,,39,2,142,fmri
879,100,-250,-150,400,1.0,40,2,142,fmri
880,100,0,100,100,1.0,1,3,142,fmri
881,100,0,100,200,2.0,2,3,142,fmri
882,50,0,50,250,3.0,3,3,142,fmri
883,50,0,50,300,4.0,4,3,142,fmri
884,50,0,50,350,4.0,5,3,142,fmri
885,50,0,50,400,3.0,6,3,142,fmri
886,100,0,100,500,2.0,7,3,142,fmri
887,50,-50,0,500,3.0,8,3,142,fmri
888,100,-1250,-1150,-650,2.0,9,3,142,fmri
889,100,-250,-150,-800,1.0,10,3,142,fmri
890,50,0,50,-750,3.0,11,3,142,fmri
891,50,0,50,-700,4.0,12,3,142,fmri
892,100,0,100,-600,1.0,13,3,142,fmri
893,100,-250,-150,-750,1.0,14,3,142,fmri
894,100,0,100,-650,2.0,15,3,142,fmri
895,50,-50,0,-650,3.0,16,3,142,fmri
896,50,0,50,-600,4.0,17,3,142,fmri
897,100,0,100,-500,2.0,18,3,142,fmri
898,50,-50,0,-500,3.0,19,3,142,fmri
899,100,0,100,-400,2.0,20,3,142,fmri
900,100,0,100,-300,2.0,21,3,142,fmri
901,50,0,50,-250,4.0,22,3,142,fmri
902,100,0,100,-150,2.0,23,3,142,fmri
903,50,0,50,-100,3.0,24,3,142,fmri
904,100,-1250,-1150,-1250,2.0,25,3,142,fmri
905,100,-250,-150,-1400,1.0,26,3,142,fmri
906,50,0,50,-1350,3.0,27,3,142,fmri
907,50,0,50,-1300,4.0,28,3,142,fmri
908,100,0,100,-1200,2.0,29,3,142,fmri
909,100,0,100,-1100,2.0,30,3,142,fmri
910,50,0,50,-1050,4.0,31,3,142,fmri
911,100,0,100,-950,2.0,32,3,142,fmri
912,50,-250,-200,-1150,4.0,33,3,142,fmri
913,100,0,100,-1050,2.0,34,3,142,fmri
914,100,0,100,-950,2.0,35,3,142,fmri
915,100,0,100,-850,1.0,36,3,142,fmri
916,100,0,100,-750,1.0,37,3,142,fmri
917,100,0,100,-650,1.0,38,3,142,fmri
918,100,0,100,-550,2.0,39,3,142,fmri
919,50,-50,0,-550,3.0,40,3,142,fmri
920,100,-250,-150,-150,1.0,1,4,142,fmri
921,100,0,100,-50,2.0,2,4,142,fmri
922,50,0,50,0,3.0,3,4,142,fmri
923,50,0,50,50,4.0,4,4,142,fmri
924,100,-250,-150,-100,1.0,5,4,142,fmri
925,100,-1250,-1150,-1250,2.0,6,4,142,fmri
926,100,0,100,-1150,2.0,7,4,142,fmri
927,50,-50,0,-1150,3.0,8,4,142,fmri
928,50,0,50,-1100,3.0,9,4,142,fmri
929,100,0,100,-1000,2.0,10,4,142,fmri
930,100,0,100,-900,1.0,11,4,142,fmri
931,100,0,100,-800,2.0,12,4,142,fmri
932,100,-250,-150,-950,1.0,13,4,142,fmri
933,50,-50,0,-950,3.0,14,4,142,fmri
934,100,0,100,-850,1.0,15,4,142,fmri
935,100,0,100,-750,2.0,16,4,142,fmri
936,100,-250,-150,-900,1.0,17,4,142,fmri
937,100,0,100,-800,1.0,18,4,142,fmri
938,50,0,50,-750,3.0,19,4,142,fmri
939,50,0,50,-700,4.0,20,4,142,fmri
940,100,0,100,-600,2.0,21,4,142,fmri
941,50,-50,0,-600,3.0,22,4,142,fmri
942,50,0,50,-550,4.0,23,4,142,fmri
943,100,0,100,-450,2.0,24,4,142,fmri
944,50,0,50,-400,4.0,25,4,142,fmri
945,50,-50,0,-400,3.0,26,4,142,fmri
946,100,0,100,-300,2.0,27,4,142,fmri
947,50,0,50,-250,4.0,28,4,142,fmri
948,100,0,100,-150,2.0,29,4,142,fmri
949,50,-50,0,-150,3.0,30,4,142,fmri
950,50,0,50,-100,4.0,31,4,142,fmri
951,100,0,100,0,2.0,32,4,142,fmri
952,50,0,50,50,4.0,33,4,142,fmri
953,50,-50,0,50,3.0,34,4,142,fmri
954,50,0,50,100,4.0,35,4,142,fmri
955,100,0,100,200,2.0,36,4,142,fmri
956,100,0,100,300,2.0,37,4,142,fmri
957,50,0,50,350,3.0,38,4,142,fmri
958,100,0,100,450,2.0,39,4,142,fmri
959,50,0,50,500,4.0,40,4,142,fmri
960,100,-250,-150,-150,1.0,1,1,143,MEG
961,50,0,50,-100,3.0,2,1,143,MEG
962,50,0,50,-50,4.0,3,1,143,MEG
963,100,0,100,50,2.0,4,1,143,MEG
964,50,0,50,100,4.0,5,1,143,MEG
965,50,-50,0,100,3.0,6,1,143,MEG
966,100,0,100,200,2.0,7,1,143,MEG
967,50,0,50,250,3.0,8,1,143,MEG
968,50,-250,-200,50,4.0,9,1,143,MEG
969,100,-250,-150,-100,1.0,10,1,143,MEG
970,100,0,100,0,2.0,11,1,143,MEG
971,50,-50,0,0,3.0,12,1,143,MEG
972,100,0,100,100,2.0,13,1,143,MEG
973,50,-50,0,100,3.0,14,1,143,MEG
974,100,0,100,200,2.0,15,1,143,MEG
975,50,0,50,250,3.0,16,1,143,MEG
976,100,0,100,350,2.0,17,1,143,MEG
977,50,0,50,400,3.0,18,1,143,MEG
978,100,-1250,-1150,-750,2.0,19,1,143,MEG
979,50,0,50,-700,3.0,20,1,143,MEG
980,50,0,50,-650,4.0,21,1,143,MEG
981,100,0,100,-550,1.0,22,1,143,MEG
982,100,0,100,-450,1.0,23,1,143,MEG
983,50,0,50,-400,4.0,24,1,143,MEG
984,100,0,100,-300,1.0,25,1,143,MEG
985,50,0,50,-250,4.0,26,1,143,MEG
986,50,0,50,-200,4.0,27,1,143,MEG
987,100,-250,-150,-350,1.0,28,1,143,MEG
988,50,0,50,-300,4.0,29,1,143,MEG
989,50,0,50,-250,4.0,30,1,143,MEG
990,50,0,50,-200,4.0,31,1,143,MEG
991,50,-250,-200,-400,4.0,32,1,143,MEG
992,100,0,100,-300,2.0,33,1,143,MEG
993,50,-50,0,-300,3.0,34,1,143,MEG
994,50,0,50,-250,4.0,35,1,143,MEG
995,100,0,100,-150,2.0,36,1,143,MEG
996,50,0,50,-100,3.0,37,1,143,MEG
997,50,0,50,-50,4.0,38,1,143,MEG
998,50,-50,0,-50,3.0,39,1,143,MEG
999,50,0,50,0,4.0,40,1,143,MEG
1000,100,0,100,100,1.0,1,2,143,MEG
1001,100,0,100,200,1.0,2,2,143,MEG
1002,100,-250,-150,50,1.0,3,2,143,MEG
1003,100,0,100,150,2.0,4,2,143,MEG
1004,100,0,100,250,2.0,5,2,143,MEG
1005,100,0,100,350,2.0,6,2,143,MEG
1006,100,0,100,450,2.0,7,2,143,MEG
1007,100,0,100,550,2.0,8,2,143,MEG
1008,100,-1250,-1150,-600,2.0,9,2,143,MEG
1009,50,-50,0,-600,3.0,10,2,143,MEG
1010,50,0,50,-550,3.0,11,2,143,MEG
1011,50,0,50,-500,3.0,12,2,143,MEG
1012,50,-50,0,-500,3.0,13,2,143,MEG
1013,50,0,50,-450,3.0,14,2,143,MEG
1014,50,0,50,-400,4.0,15,2,143,MEG
1015,100,0,100,-300,1.0,16,2,143,MEG
1016,50,0,50,-250,4.0,17,2,143,MEG
1017,50,0,50,-200,4.0,18,2,143,MEG
1018,50,0,50,-150,4.0,19,2,143,MEG
1019,50,0,50,-100,4.0,20,2,143,MEG
1020,50,0,50,-50,4.0,21,2,143,MEG
1021,50,0,50,0,4.0,22,2,143,MEG
1022,50,0,50,50,4.0,23,2,143,MEG
1023,50,-250,-200,-150,4.0,24,2,143,MEG
1024,50,-50,0,-150,3.0,25,2,143,MEG
1025,50,0,50,-100,3.0,26,2,143,MEG
1026,50,-50,0,-100,3.0,27,2,143,MEG
1027,50,0,50,-50,3.0,28,2,143,MEG
1028,50,-50,0,-50,3.0,29,2,143,MEG
1029,50,-50,0,-50,3.0,30,2,143,MEG
1030,50,0,50,0,4.0,31,2,143,MEG
1031,100,0,100,100,1.0,32,2,143,MEG
1032,50,-50,0,100,3.0,33,2,143,MEG
1033,50,-50,0,100,3.0,34,2,143,MEG
1034,50,0,50,150,4.0,35,2,143,MEG
1035,100,0,100,250,1.0,36,2,143,MEG
1036,50,0,50,300,4.0,37,2,143,MEG
1037,50,0,50,350,4.0,38,2,143,MEG
1038,50,0,50,400,4.0,39,2,143,MEG
1039,50,0,50,450,4.0,40,2,143,MEG
1040,100,-250,-150,-150,1.0,1,3,143,MEG
1041,100,0,100,-50,2.0,2,3,143,MEG
1042,100,0,100,50,2.0,3,3,143,MEG
1043,100,0,100,150,2.0,4,3,143,MEG
1044,50,0,50,200,3.0,5,3,143,MEG
1045,50,0,50,250,4.0,6,3,143,MEG
1046,100,0,100,350,2.0,7,3,143,MEG
1047,50,0,50,400,3.0,8,3,143,MEG
1048,50,0,50,450,4.0,9,3,143,MEG
1049,50,0,50,500,3.0,10,3,143,MEG
1050,50,0,50,550,4.0,11,3,143,MEG
1051,50,-50,0,550,3.0,12,3,143,MEG
1052,50,0,50,600,3.0,13,3,143,MEG
1053,50,0,50,650,3.0,14,3,143,MEG
1054,50,-50,0,650,3.0,15,3,143,MEG
1055,50,-250,-200,450,4.0,16,3,143,MEG
1056,100,0,100,550,2.0,17,3,143,MEG
1057,50,0,50,600,3.0,18,3,143,MEG
1058,50,0,50,650,3.0,19,3,143,MEG
1059,50,-50,0,650,3.0,20,3,143,MEG
1060,50,0,50,700,3.0,21,3,143,MEG
1061,50,0,50,750,3.0,22,3,143,MEG
1062,50,-50,0,750,3.0,23,3,143,MEG
1063,50,-50,0,750,3.0,24,3,143,MEG
1064,50,0,50,800,4.0,25,3,143,MEG
1065,50,-50,0,800,3.0,26,3,143,MEG
1066,50,0,50,850,4.0,27,3,143,MEG
1067,50,0,50,900,4.0,28,3,143,MEG
1068,50,0,50,950,4.0,29,3,143,MEG
1069,50,0,50,1000,4.0,30,3,143,MEG
1070,50,0,50,1050,3.0,31,3,143,MEG
1071,50,0,50,1100,4.0,32,3,143,MEG
1072,50,0,50,1150,3.0,33,3,143,MEG
1073,50,0,50,1200,4.0,34,3,143,MEG
1074,50,-50,0,1200,3.0,35,3,143,MEG
1075,50,0,50,1250,4.0,36,3,143,MEG
1076,50,-50,0,1250,3.0,37,3,143,MEG
1077,50,0,50,1300,4.0,38,3,143,MEG
1078,50,0,50,1350,3.0,39,3,143,MEG
1079,50,0,50,1400,4.0,40,3,143,MEG
1080,100,0,100,100,1.0,1,4,143,MEG
1081,100,0,100,200,2.0,2,4,143,MEG
1082,50,0,50,250,3.0,3,4,143,MEG
1083,50,0,50,300,4.0,4,4,143,MEG
1084,50,-50,0,300,3.0,5,4,143,MEG
1085,50,0,50,350,3.0,6,4,143,MEG
1086,50,0,50,400,4.0,7,4,143,MEG
1087,50,-50,0,400,3.0,8,4,143,MEG
1088,50,0,50,450,4.0,9,4,143,MEG
1089,50,-50,0,450,3.0,10,4,143,MEG
1090,50,0,50,500,4.0,11,4,143,MEG
1091,50,0,50,550,3.0,12,4,143,MEG
1092,50,0,50,600,3.0,13,4,143,MEG
1093,50,0,50,650,4.0,14,4,143,MEG
1094,50,-250,-200,450,4.0,15,4,143,MEG
1095,50,-50,0,450,3.0,16,4,143,MEG
1096,50,0,50,500,3.0,17,4,143,MEG
1097,50,0,50,550,4.0,18,4,143,MEG
1098,50,0,50,600,3.0,19,4,143,MEG
1099,50,0,50,650,4.0,20,4,143,MEG
1100,50,0,50,700,4.0,21,4,143,MEG
1101,50,-50,0,700,3.0,22,4,143,MEG
1102,50,0,50,750,4.0,23,4,143,MEG
1103,50,0,50,800,4.0,24,4,143,MEG
1104,50,-50,0,800,3.0,25,4,143,MEG
1105,50,0,50,850,4.0,26,4,143,MEG
1106,50,0,50,900,3.0,27,4,143,MEG
1107,50,-50,0,900,3.0,28,4,143,MEG
1108,50,0,50,950,4.0,29,4,143,MEG
1109,50,-50,0,950,3.0,30,4,143,MEG
1110,50,0,50,1000,4.0,31,4,143,MEG
1111,50,-250,-200,800,4.0,32,4,143,MEG
1112,50,0,50,850,4.0,33,4,143,MEG
1113,50,-50,0,850,3.0,34,4,143,MEG
1114,50,0,50,900,4.0,35,4,143,MEG
1115,50,0,50,950,4.0,36,4,143,MEG
1116,50,0,50,1000,3.0,37,4,143,MEG
1117,50,-50,0,1000,3.0,38,4,143,MEG
1118,50,0,50,1050,4.0,39,4,143,MEG
1119,50,-50,0,1050,3.0,40,4,143,MEG
1120,50,0,50,50,3.0,1,1,144,MEG
1121,50,0,50,100,4.0,2,1,144,MEG
1122,100,0,100,200,2.0,3,1,144,MEG
1123,50,-50,0,200,3.0,4,1,144,MEG
1124,100,-250,-150,50,1.0,5,1,144,MEG
1125,50,0,50,100,3.0,6,1,144,MEG
1126,50,0,50,150,4.0,7,1,144,MEG
1127,100,0,100,250,2.0,8,1,144,MEG
1128,50,-50,0,250,3.0,9,1,144,MEG
1129,100,0,100,350,2.0,10,1,144,MEG
1130,50,-250,-200,150,4.0,11,1,144,MEG
1131,100,-250,-150,0,1.0,12,1,144,MEG
1132,50,-50,0,0,3.0,13,1,144,MEG
1133,100,0,100,100,2.0,14,1,144,MEG
1134,100,0,100,200,2.0,15,1,144,MEG
1135,100,0,100,300,2.0,16,1,144,MEG
1136,100,-1250,-1150,-850,2.0,17,1,144,MEG
1137,50,0,50,-800,4.0,18,1,144,MEG
1138,50,0,50,-750,3.0,19,1,144,MEG
1139,50,0,50,-700,4.0,20,1,144,MEG
1140,100,0,100,-600,2.0,21,1,144,MEG
1141,100,0,100,-500,2.0,22,1,144,MEG
1142,100,0,100,-400,2.0,23,1,144,MEG
1143,50,0,50,-350,3.0,24,1,144,MEG
1144,50,0,50,-300,4.0,25,1,144,MEG
1145,100,0,100,-200,2.0,26,1,144,MEG
1146,100,0,100,-100,2.0,27,1,144,MEG
1147,100,0,100,0,2.0,28,1,144,MEG
1148,50,0,50,50,3.0,29,1,144,MEG
1149,50,0,50,100,4.0,30,1,144,MEG
1150,100,0,100,200,2.0,31,1,144,MEG
1151,100,-1250,-1150,-950,2.0,32,1,144,MEG
1152,50,-50,0,-950,3.0,33,1,144,MEG
1153,50,0,50,-900,4.0,34,1,144,MEG
1154,50,0,50,-850,3.0,35,1,144,MEG
1155,100,0,100,-750,2.0,36,1,144,MEG
1156,50,0,50,-700,4.0,37,1,144,MEG
1157,100,0,100,-600,2.0,38,1,144,MEG
1158,50,-50,0,-600,3.0,39,1,144,MEG
1159,100,0,100,-500,1.0,40,1,144,MEG
1160,100,0,100,100,1.0,1,2,144,MEG
1161,100,0,100,200,2.0,2,2,144,MEG
1162,100,0,100,300,1.0,3,2,144,MEG
1163,100,0,100,400,2.0,4,2,144,MEG
1164,50,-50,0,400,3.0,5,2,144,MEG
1165,50,0,50,450,4.0,6,2,144,MEG
1166,100,-250,-150,300,1.0,7,2,144,MEG
1167,100,0,100,400,2.0,8,2,144,MEG
1168,50,-250,-200,200,4.0,9,2,144,MEG
1169,50,0,50,250,3.0,10,2,144,MEG
1170,100,0,100,350,2.0,11,2,144,MEG
1171,100,0,100,450,1.0,12,2,144,MEG
1172,50,0,50,500,3.0,13,2,144,MEG
1173,100,0,100,600,2.0,14,2,144,MEG
1174,100,0,100,700,1.0,15,2,144,MEG
1175,50,-50,0,700,3.0,16,2,144,MEG
1176,100,0,100,800,2.0,17,2,144,MEG
1177,100,-250,-150,650,1.0,18,2,144,MEG
1178,50,0,50,700,4.0,19,2,144,MEG
1179,100,-1250,-1150,-450,2.0,20,2,144,MEG
1180,50,0,50,-400,3.0,21,2,144,MEG
1181,50,0,50,-350,4.0,22,2,144,MEG
1182,100,0,100,-250,1.0,23,2,144,MEG
1183,100,0,100,-150,2.0,24,2,144,MEG
1184,100,0,100,-50,1.0,25,2,144,MEG
1185,50,0,50,0,4.0,26,2,144,MEG
1186,100,0,100,100,2.0,27,2,144,MEG
1187,100,0,100,200,1.0,28,2,144,MEG
1188,50,0,50,250,4.0,29,2,144,MEG
1189,100,0,100,350,2.0,30,2,144,MEG
1190,100,-250,-150,200,1.0,31,2,144,MEG
1191,50,0,50,250,4.0,32,2,144,MEG
1192,100,0,100,350,2.0,33,2,144,MEG
1193,50,0,50,400,4.0,34,2,144,MEG
1194,100,0,100,500,2.0,35,2,144,MEG
1195,50,0,50,550,4.0,36,2,144,MEG
1196,100,0,100,650,2.0,37,2,144,MEG
1197,50,0,50,700,4.0,38,2,144,MEG
1198,100,0,100,800,2.0,39,2,144,MEG
1199,50,0,50,850,4.0,40,2,144,MEG
1200,100,0,100,100,2.0,1,3,144,MEG
1201,100,0,100,200,1.0,2,3,144,MEG
1202,50,0,50,250,4.0,3,3,144,MEG
1203,100,0,100,350,2.0,4,3,144,MEG
1204,50,0,50,400,4.0,5,3,144,MEG
1205,100,0,100,500,2.0,6,3,144,MEG
1206,50,-250,-200,300,4.0,7,3,144,MEG
1207,100,0,100,400,2.0,8,3,144,MEG
1208,50,-50,0,400,3.0,9,3,144,MEG
1209,100,0,100,500,2.0,10,3,144,MEG
1210,50,0,50,550,4.0,11,3,144,MEG
1211,100,-1250,-1150,-600,2.0,12,3,144,MEG
1212,100,-250,-150,-750,1.0,13,3,144,MEG
1213,50,0,50,-700,4.0,14,3,144,MEG
1214,100,0,100,-600,2.0,15,3,144,MEG
1215,50,0,50,-550,3.0,16,3,144,MEG
1216,100,0,100,-450,2.0,17,3,144,MEG
1217,50,0,50,-400,4.0,18,3,144,MEG
1218,100,0,100,-300,2.0,19,3,144,MEG
1219,100,-250,-150,-450,1.0,20,3,144,MEG
1220,50,0,50,-400,4.0,21,3,144,MEG
1221,100,0,100,-300,2.0,22,3,144,MEG
1222,50,-50,0,-300,3.0,23,3,144,MEG
1223,100,0,100,-200,2.0,24,3,144,MEG
1224,50,0,50,-150,4.0,25,3,144,MEG
1225,100,-1250,-1150,-1300,2.0,26,3,144,MEG
1226,50,0,50,-1250,4.0,27,3,144,MEG
1227,100,0,100,-1150,2.0,28,3,144,MEG
1228,100,-250,-150,-1300,1.0,29,3,144,MEG
1229,100,0,100,-1200,2.0,30,3,144,MEG
1230,50,0,50,-1150,4.0,31,3,144,MEG
1231,100,0,100,-1050,2.0,32,3,144,MEG
1232,50,0,50,-1000,4.0,33,3,144,MEG
1233,100,0,100,-900,2.0,34,3,144,MEG
1234,50,0,50,-850,3.0,35,3,144,MEG
1235,50,0,50,-800,4.0,36,3,144,MEG
1236,100,0,100,-700,2.0,37,3,144,MEG
1237,50,-250,-200,-900,4.0,38,3,144,MEG
1238,100,0,100,-800,2.0,39,3,144,MEG
1239,50,-50,0,-800,3.0,40,3,144,MEG
1240,100,0,100,100,2.0,1,4,144,MEG
1241,50,-50,0,100,3.0,2,4,144,MEG
1242,50,0,50,150,4.0,3,4,144,MEG
1243,100,-1250,-1150,-1000,2.0,4,4,144,MEG
1244,100,0,100,-900,1.0,5,4,144,MEG
1245,50,0,50,-850,4.0,6,4,144,MEG
1246,100,0,100,-750,2.0,7,4,144,MEG
1247,100,0,100,-650,2.0,8,4,144,MEG
1248,50,0,50,-600,4.0,9,4,144,MEG
1249,100,0,100,-500,2.0,10,4,144,MEG
1250,50,0,50,-450,4.0,11,4,144,MEG
1251,100,0,100,-350,2.0,12,4,144,MEG
1252,50,-50,0,-350,3.0,13,4,144,MEG
1253,50,0,50,-300,4.0,14,4,144,MEG
1254,100,0,100,-200,2.0,15,4,144,MEG
1255,100,0,100,-100,2.0,16,4,144,MEG
1256,50,0,50,-50,4.0,17,4,144,MEG
1257,50,-50,0,-50,3.0,18,4,144,MEG
1258,100,0,100,50,2.0,19,4,144,MEG
1259,50,0,50,100,4.0,20,4,144,MEG
1260,50,0,50,150,3.0,21,4,144,MEG
1261,100,0,100,250,2.0,22,4,144,MEG
1262,50,0,50,300,4.0,23,4,144,MEG
1263,100,-250,-150,150,1.0,24,4,144,MEG
1264,100,0,100,250,2.0,25,4,144,MEG
1265,50,0,50,300,4.0,26,4,144,MEG
1266,50,0,50,350,4.0,27,4,144,MEG
1267,50,0,50,400,3.0,28,4,144,MEG
1268,50,0,50,450,4.0,29,4,144,MEG
1269,100,0,100,550,2.0,30,4,144,MEG
1270,100,0,100,650,1.0,31,4,144,MEG
1271,50,0,50,700,4.0,32,4,144,MEG
1272,100,-250,-150,550,1.0,33,4,144,MEG
1273,50,0,50,600,4.0,34,4,144,MEG
1274,50,0,50,650,4.0,35,4,144,MEG
1275,50,0,50,700,4.0,36,4,144,MEG
1276,50,-250,-200,500,4.0,37,4,144,MEG
1277,50,0,50,550,4.0,38,4,144,MEG
1278,100,0,100,650,2.0,39,4,144,MEG
1279,50,0,50,700,3.0,40,4,144,MEG
1280,100,0,100,100,2.0,1,1,145,MEG
1281,100,-250,-150,-50,1.0,2,1,145,MEG
1282,50,0,50,0,4.0,3,1,145,MEG
1283,100,0,100,100,2.0,4,1,145,MEG
1284,100,0,100,200,2.0,5,1,145,MEG
1285,100,0,100,300,2.0,6,1,145,MEG
1286,100,0,100,400,2.0,7,1,145,MEG
1287,100,0,100,500,2.0,8,1,145,MEG
1288,100,-1250,-1150,-650,2.0,9,1,145,MEG
1289,50,0,50,-600,4.0,10,1,145,MEG
1290,100,0,100,-500,2.0,11,1,145,MEG
1291,100,0,100,-400,2.0,12,1,145,MEG
1292,100,0,100,-300,2.0,13,1,145,MEG
1293,100,0,100,-200,2.0,14,1,145,MEG
1294,100,0,100,-100,2.0,15,1,145,MEG
1295,100,0,100,0,2.0,16,1,145,MEG
1296,50,-250,-200,-200,4.0,17,1,145,MEG
1297,100,0,100,-100,2.0,18,1,145,MEG
1298,100,-1250,-1150,-1250,2.0,19,1,145,MEG
1299,50,0,50,-1200,4.0,20,1,145,MEG
1300,50,0,50,-1150,3.0,21,1,145,MEG
1301,100,-250,-150,-1300,1.0,22,1,145,MEG
1302,50,-50,0,-1300,3.0,23,1,145,MEG
1303,100,0,100,-1200,2.0,24,1,145,MEG
1304,100,0,100,-1100,2.0,25,1,145,MEG
1305,100,0,100,-1000,2.0,26,1,145,MEG
1306,100,0,100,-900,2.0,27,1,145,MEG
1307,100,0,100,-800,2.0,28,1,145,MEG
1308,100,0,100,-700,2.0,29,1,145,MEG
1309,100,0,100,-600,2.0,30,1,145,MEG
1310,100,0,100,-500,2.0,31,1,145,MEG
1311,100,-1250,-1150,-1650,2.0,32,1,145,MEG
1312,100,0,100,-1550,2.0,33,1,145,MEG
1313,100,0,100,-1450,2.0,34,1,145,MEG
1314,100,0,100,-1350,2.0,35,1,145,MEG
1315,100,0,100,-1250,2.0,36,1,145,MEG
1316,100,0,100,-1150,2.0,37,1,145,MEG
1317,100,0,100,-1050,2.0,38,1,145,MEG
1318,100,0,100,-950,2.0,39,1,145,MEG
1319,100,0,100,-850,2.0,40,1,145,MEG
1320,100,0,100,100,2.0,1,2,145,MEG
1321,100,0,100,200,2.0,2,2,145,MEG
1322,100,0,100,300,2.0,3,2,145,MEG
1323,100,0,100,400,2.0,4,2,145,MEG
1324,100,-1250,-1150,-750,2.0,5,2,145,MEG
1325,100,0,100,-650,2.0,6,2,145,MEG
1326,100,0,100,-550,2.0,7,2,145,MEG
1327,100,0,100,-450,2.0,8,2,145,MEG
1328,100,0,100,-350,2.0,9,2,145,MEG
1329,100,0,100,-250,2.0,10,2,145,MEG
1330,100,-1250,-1150,-1400,2.0,11,2,145,MEG
1331,100,0,100,-1300,2.0,12,2,145,MEG
1332,100,0,100,-1200,2.0,13,2,145,MEG
1333,100,0,100,-1100,2.0,14,2,145,MEG
1334,100,0,100,-1000,2.0,15,2,145,MEG
1335,50,0,50,-950,4.0,16,2,145,MEG
1336,100,0,100,-850,2.0,17,2,145,MEG
1337,50,0,50,-800,3.0,18,2,145,MEG
1338,100,0,100,-700,1.0,19,2,145,MEG
1339,100,0,100,-600,1.0,20,2,145,MEG
1340,100,0,100,-500,1.0,21,2,145,MEG
1341,100,-250,-150,-650,1.0,22,2,145,MEG
1342,50,-50,0,-650,3.0,23,2,145,MEG
1343,50,0,50,-600,4.0,24,2,145,MEG
1344,50,0,50,-550,4.0,25,2,145,MEG
1345,100,0,100,-450,2.0,26,2,145,MEG
1346,100,0,100,-350,1.0,27,2,145,MEG
1347,100,0,100,-250,1.0,28,2,145,MEG
1348,50,-50,0,-250,3.0,29,2,145,MEG
1349,100,-250,-150,-400,1.0,30,2,145,MEG
1350,100,0,100,-300,1.0,31,2,145,MEG
1351,100,0,100,-200,1.0,32,2,145,MEG
1352,100,0,100,-100,1.0,33,2,145,MEG
1353,100,-250,-150,-250,1.0,34,2,145,MEG
1354,100,0,100,-150,2.0,35,2,145,MEG
1355,100,-1250,-1150,-1300,2.0,36,2,145,MEG
1356,100,0,100,-1200,1.0,37,2,145,MEG
1357,100,-250,-150,-1350,1.0,38,2,145,MEG
1358,100,0,100,-1250,2.0,39,2,145,MEG
1359,100,0,100,-1150,2.0,40,2,145,MEG
1360,100,-250,-150,-150,1.0,1,3,145,MEG
1361,100,-250,-150,-300,1.0,2,3,145,MEG
1362,50,0,50,-250,3.0,3,3,145,MEG
1363,100,0,100,-150,1.0,4,3,145,MEG
1364,100,-250,-150,-300,1.0,5,3,145,MEG
1365,100,0,100,-200,2.0,6,3,145,MEG
1366,100,0,100,-100,2.0,7,3,145,MEG
1367,100,0,100,0,1.0,8,3,145,MEG
1368,100,-250,-150,-150,1.0,9,3,145,MEG
1369,50,0,50,-100,3.0,10,3,145,MEG
1370,50,0,50,-50,4.0,11,3,145,MEG
1371,100,-250,-150,-200,1.0,12,3,145,MEG
1372,100,0,100,-100,2.0,13,3,145,MEG
1373,100,0,100,0,2.0,14,3,145,MEG
1374,50,0,50,50,4.0,15,3,145,MEG
1375,50,0,50,100,3.0,16,3,145,MEG
1376,100,0,100,200,1.0,17,3,145,MEG
1377,100,0,100,300,1.0,18,3,145,MEG
1378,100,0,100,400,1.0,19,3,145,MEG
1379,100,-250,-150,250,1.0,20,3,145,MEG
1380,50,-50,0,250,3.0,21,3,145,MEG
1381,50,0,50,300,4.0,22,3,145,MEG
1382,50,-250,-200,100,4.0,23,3,145,MEG
1383,100,-250,-150,-50,1.0,24,3,145,MEG
1384,100,0,100,50,2.0,25,3,145,MEG
1385,100,0,100,150,2.0,26,3,145,MEG
1386,100,0,100,250,2.0,27,3,145,MEG
1387,100,0,100,350,1.0,28,3,145,MEG
1388,100,-250,-150,200,1.0,29,3,145,MEG
1389,100,0,100,300,1.0,30,3,145,MEG
1390,100,-250,-150,150,1.0,31,3,145,MEG
1391,100,0,100,250,2.0,32,3,145,MEG
1392,100,0,100,350,2.0,33,3,145,MEG
1393,50,0,50,400,4.0,34,3,145,MEG
1394,50,0,50,450,4.0,35,3,145,MEG
1395,50,0,50,500,3.0,36,3,145,MEG
1396,50,0,50,550,4.0,37,3,145,MEG
1397,50,-50,0,550,3.0,38,3,145,MEG
1398,50,0,50,600,4.0,39,3,145,MEG
1399,50,0,50,650,4.0,40,3,145,MEG
1400,50,-50,0,0,3.0,1,4,145,MEG
1401,100,0,100,100,1.0,2,4,145,MEG
1402,100,-250,-150,-50,1.0,3,4,145,MEG
1403,100,0,100,50,2.0,4,4,145,MEG
1404,100,0,100,150,2.0,5,4,145,MEG
1405,100,0,100,250,2.0,6,4,145,MEG
1406,100,0,100,350,2.0,7,4,145,MEG
1407,50,0,50,400,4.0,8,4,145,MEG
1408,100,-250,-150,250,1.0,9,4,145,MEG
1409,50,0,50,300,4.0,10,4,145,MEG
1410,50,0,50,350,3.0,11,4,145,MEG
1411,50,0,50,400,4.0,12,4,145,MEG
1412,50,0,50,450,3.0,13,4,145,MEG
1413,50,0,50,500,4.0,14,4,145,MEG
1414,50,-50,0,500,3.0,15,4,145,MEG
1415,50,0,50,550,3.0,16,4,145,MEG
1416,50,0,50,600,4.0,17,4,145,MEG
1417,50,-50,0,600,3.0,18,4,145,MEG
1418,50,0,50,650,4.0,19,4,145,MEG
1419,50,-250,-200,450,4.0,20,4,145,MEG
1420,100,0,100,550,2.0,21,4,145,MEG
1421,100,0,100,650,2.0,22,4,145,MEG
1422,50,0,50,700,4.0,23,4,145,MEG
1423,50,0,50,750,3.0,24,4,145,MEG
1424,50,0,50,800,4.0,25,4,145,MEG
1425,50,-50,0,800,3.0,26,4,145,MEG
1426,50,0,50,850,3.0,27,4,145,MEG
1427,50,0,50,900,4.0,28,4,145,MEG
1428,50,0,50,950,4.0,29,4,145,MEG
1429,50,-50,0,950,3.0,30,4,145,MEG
1430,50,0,50,1000,4.0,31,4,145,MEG
1431,50,-50,0,1000,3.0,32,4,145,MEG
1432,50,-50,0,1000,3.0,33,4,145,MEG
1433,50,-50,0,1000,3.0,34,4,145,MEG
1434,50,0,50,1050,4.0,35,4,145,MEG
1435,50,0,50,1100,4.0,36,4,145,MEG
1436,50,0,50,1150,4.0,37,4,145,MEG
1437,50,0,50,1200,4.0,38,4,145,MEG
1438,50,-250,-200,1000,4.0,39,4,145,MEG
1439,100,-250,-150,850,1.0,40,4,145,MEG
1440,100,-250,-150,-150,1.0,1,1,146,MEG
1441,100,0,100,-50,2.0,2,1,146,MEG
1442,50,0,50,0,4.0,3,1,146,MEG
1443,50,0,50,50,3.0,4,1,146,MEG
1444,100,-250,-150,-100,1.0,5,1,146,MEG
1445,50,-50,0,-100,3.0,6,1,146,MEG
1446,100,0,100,0,2.0,7,1,146,MEG
1447,100,0,100,100,2.0,8,1,146,MEG
1448,100,0,100,200,2.0,9,1,146,MEG
1449,100,0,100,300,2.0,10,1,146,MEG
1450,100,0,100,400,2.0,11,1,146,MEG
1451,50,0,50,450,4.0,12,1,146,MEG
1452,100,-1250,-1150,-700,2.0,13,1,146,MEG
1453,50,-250,-200,-900,4.0,14,1,146,MEG
1454,100,0,100,-800,1.0,15,1,146,MEG
1455,50,0,50,-750,4.0,16,1,146,MEG
1456,100,0,100,-650,1.0,17,1,146,MEG
1457,50,0,50,-600,3.0,18,1,146,MEG
1458,100,0,100,-500,1.0,19,1,146,MEG
1459,50,0,50,-450,4.0,20,1,146,MEG
1460,100,-250,-150,-600,1.0,21,1,146,MEG
1461,50,-50,0,-600,3.0,22,1,146,MEG
1462,50,0,50,-550,4.0,23,1,146,MEG
1463,50,0,50,-500,4.0,24,1,146,MEG
1464,100,-250,-150,-650,,25,1,146,MEG
1465,50,-50,0,-650,3.0,26,1,146,MEG
1466,50,0,50,-600,4.0,27,1,146,MEG
1467,50,0,50,-550,4.0,28,1,146,MEG
1468,50,0,50,-500,4.0,29,1,146,MEG
1469,100,0,100,-400,2.0,30,1,146,MEG
1470,100,0,100,-300,2.0,31,1,146,MEG
1471,100,0,100,-200,2.0,32,1,146,MEG
1472,100,0,100,-100,2.0,33,1,146,MEG
1473,100,0,100,0,2.0,34,1,146,MEG
1474,50,-250,-200,-200,4.0,35,1,146,MEG
1475,100,0,100,-100,2.0,36,1,146,MEG
1476,100,0,100,0,2.0,37,1,146,MEG
1477,100,-1250,-1150,-1150,2.0,38,1,146,MEG
1478,50,0,50,-1100,3.0,39,1,146,MEG
1479,100,0,100,-1000,1.0,40,1,146,MEG
1480,100,0,100,100,1.0,1,2,146,MEG
1481,100,0,100,200,2.0,2,2,146,MEG
1482,50,0,50,250,3.0,3,2,146,MEG
1483,50,0,50,300,4.0,4,2,146,MEG
1484,100,-250,-150,150,1.0,5,2,146,MEG
1485,100,0,100,250,2.0,6,2,146,MEG
1486,100,0,100,350,1.0,7,2,146,MEG
1487,100,0,100,450,1.0,8,2,146,MEG
1488,100,0,100,550,1.0,9,2,146,MEG
1489,100,-250,-150,400,1.0,10,2,146,MEG
1490,100,0,100,500,1.0,11,2,146,MEG
1491,100,-250,-150,350,1.0,12,2,146,MEG
1492,100,-250,-150,200,1.0,13,2,146,MEG
1493,100,0,100,300,2.0,14,2,146,MEG
1494,100,0,100,400,2.0,15,2,146,MEG
1495,100,0,100,500,2.0,16,2,146,MEG
1496,100,-250,-150,350,1.0,17,2,146,MEG
1497,100,0,100,450,2.0,18,2,146,MEG
1498,100,0,100,550,2.0,19,2,146,MEG
1499,100,0,100,650,2.0,20,2,146,MEG
1500,100,-1250,-1150,-500,2.0,21,2,146,MEG
1501,100,0,100,-400,1.0,22,2,146,MEG
1502,100,-250,-150,-550,1.0,23,2,146,MEG
1503,100,0,100,-450,1.0,24,2,146,MEG
1504,100,-250,-150,-600,1.0,25,2,146,MEG
1505,100,-250,-150,-750,1.0,26,2,146,MEG
1506,50,0,50,-700,3.0,27,2,146,MEG
1507,50,-50,0,-700,3.0,28,2,146,MEG
1508,50,0,50,-650,4.0,29,2,146,MEG
1509,50,0,50,-600,4.0,30,2,146,MEG
1510,50,0,50,-550,4.0,31,2,146,MEG
1511,50,0,50,-500,4.0,32,2,146,MEG
1512,50,0,50,-450,3.0,33,2,146,MEG
1513,50,0,50,-400,4.0,34,2,146,MEG
1514,50,-50,0,-400,3.0,35,2,146,MEG
1515,100,0,100,-300,1.0,36,2,146,MEG
1516,100,0,100,-200,1.0,37,2,146,MEG
1517,100,0,100,-100,1.0,38,2,146,MEG
1518,100,-250,-150,-250,1.0,39,2,146,MEG
1519,50,-50,0,-250,3.0,40,2,146,MEG
1520,50,0,50,50,4.0,1,3,146,MEG
1521,50,0,50,100,4.0,2,3,146,MEG
1522,50,0,50,150,4.0,3,3,146,MEG
1523,50,0,50,200,4.0,4,3,146,MEG
1524,50,0,50,250,4.0,5,3,146,MEG
1525,50,-250,-200,50,4.0,6,3,146,MEG
1526,50,0,50,100,3.0,7,3,146,MEG
1527,50,0,50,150,3.0,8,3,146,MEG
1528,100,-250,-150,0,1.0,9,3,146,MEG
1529,100,0,100,100,2.0,10,3,146,MEG
1530,50,0,50,150,4.0,11,3,146,MEG
1531,50,0,50,200,4.0,12,3,146,MEG
1532,50,0,50,250,4.0,13,3,146,MEG
1533,50,0,50,300,4.0,14,3,146,MEG
1534,50,0,50,350,4.0,15,3,146,MEG
1535,50,0,50,400,4.0,16,3,146,MEG
1536,50,0,50,450,4.0,17,3,146,MEG
1537,50,0,50,500,4.0,18,3,146,MEG
1538,50,0,50,550,4.0,19,3,146,MEG
1539,50,-250,-200,350,4.0,20,3,146,MEG
1540,50,0,50,400,4.0,21,3,146,MEG
1541,50,0,50,450,4.0,22,3,146,MEG
1542,50,0,50,500,4.0,23,3,146,MEG
1543,50,0,50,550,4.0,24,3,146,MEG
1544,50,0,50,600,4.0,25,3,146,MEG
1545,50,0,50,650,4.0,26,3,146,MEG
1546,50,0,50,700,4.0,27,3,146,MEG
1547,50,0,50,750,4.0,28,3,146,MEG
1548,50,0,50,800,4.0,29,3,146,MEG
1549,50,0,50,850,4.0,30,3,146,MEG
1550,50,0,50,900,4.0,31,3,146,MEG
1551,50,0,50,950,4.0,32,3,146,MEG
1552,50,0,50,1000,4.0,33,3,146,MEG
1553,50,0,50,1050,4.0,34,3,146,MEG
1554,50,0,50,1100,4.0,35,3,146,MEG
1555,50,-250,-200,900,4.0,36,3,146,MEG
1556,50,0,50,950,4.0,37,3,146,MEG
1557,50,0,50,1000,4.0,38,3,146,MEG
1558,50,0,50,1050,4.0,39,3,146,MEG
1559,50,0,50,1100,4.0,40,3,146,MEG
1560,100,0,100,100,1.0,1,4,146,MEG
1561,100,0,100,200,2.0,2,4,146,MEG
1562,50,-50,0,200,3.0,3,4,146,MEG
1563,50,0,50,250,4.0,4,4,146,MEG
1564,50,0,50,300,4.0,5,4,146,MEG
1565,50,0,50,350,4.0,6,4,146,MEG
1566,50,0,50,400,4.0,7,4,146,MEG
1567,50,-250,-200,200,4.0,8,4,146,MEG
1568,50,0,50,250,4.0,9,4,146,MEG
1569,50,0,50,300,4.0,10,4,146,MEG
1570,50,0,50,350,4.0,11,4,146,MEG
1571,50,0,50,400,4.0,12,4,146,MEG
1572,50,-250,-200,200,4.0,13,4,146,MEG
1573,50,0,50,250,3.0,14,4,146,MEG
1574,100,-250,-150,100,1.0,15,4,146,MEG
1575,100,0,100,200,2.0,16,4,146,MEG
1576,50,0,50,250,4.0,17,4,146,MEG
1577,50,0,50,300,4.0,18,4,146,MEG
1578,50,0,50,350,4.0,19,4,146,MEG
1579,50,0,50,400,4.0,20,4,146,MEG
1580,50,0,50,450,4.0,21,4,146,MEG
1581,50,0,50,500,4.0,22,4,146,MEG
1582,50,-250,-200,300,4.0,23,4,146,MEG
1583,50,0,50,350,4.0,24,4,146,MEG
1584,50,0,50,400,4.0,25,4,146,MEG
1585,50,0,50,450,4.0,26,4,146,MEG
1586,50,0,50,500,4.0,27,4,146,MEG
1587,50,0,50,550,4.0,28,4,146,MEG
1588,50,0,50,600,4.0,29,4,146,MEG
1589,50,0,50,650,4.0,30,4,146,MEG
1590,50,0,50,700,4.0,31,4,146,MEG
1591,50,0,50,750,4.0,32,4,146,MEG
1592,50,0,50,800,4.0,33,4,146,MEG
1593,50,0,50,850,4.0,34,4,146,MEG
1594,50,0,50,900,4.0,35,4,146,MEG
1595,50,0,50,950,4.0,36,4,146,MEG
1596,50,0,50,1000,4.0,37,4,146,MEG
1597,50,0,50,1050,4.0,38,4,146,MEG
1598,50,0,50,1100,4.0,39,4,146,MEG
1599,50,-250,-200,900,4.0,40,4,146,MEG
1600,100,-250,-150,-150,1.0,1,1,147,MEG
1601,100,0,100,-50,2.0,2,1,147,MEG
1602,50,0,50,0,3.0,3,1,147,MEG
1603,50,0,50,50,4.0,4,1,147,MEG
1604,100,0,100,150,2.0,5,1,147,MEG
1605,100,-250,-150,0,1.0,6,1,147,MEG
1606,50,-50,0,0,3.0,7,1,147,MEG
1607,50,0,50,50,4.0,8,1,147,MEG
1608,100,0,100,150,2.0,9,1,147,MEG
1609,100,0,100,250,2.0,10,1,147,MEG
1610,100,0,100,350,2.0,11,1,147,MEG
1611,100,0,100,450,2.0,12,1,147,MEG
1612,100,-1250,-1150,-700,2.0,13,1,147,MEG
1613,100,0,100,-600,2.0,14,1,147,MEG
1614,50,-250,-200,-800,4.0,15,1,147,MEG
1615,100,0,100,-700,1.0,16,1,147,MEG
1616,100,0,100,-600,1.0,17,1,147,MEG
1617,100,0,100,-500,1.0,18,1,147,MEG
1618,100,-250,-150,-650,1.0,19,1,147,MEG
1619,50,0,50,-600,3.0,20,1,147,MEG
1620,100,0,100,-500,2.0,21,1,147,MEG
1621,100,0,100,-400,2.0,22,1,147,MEG
1622,100,0,100,-300,1.0,23,1,147,MEG
1623,100,0,100,-200,1.0,24,1,147,MEG
1624,100,-250,-150,-350,1.0,25,1,147,MEG
1625,100,0,100,-250,1.0,26,1,147,MEG
1626,100,0,100,-150,1.0,27,1,147,MEG
1627,100,0,100,-50,1.0,28,1,147,MEG
1628,100,-250,-150,-200,1.0,29,1,147,MEG
1629,100,0,100,-100,1.0,30,1,147,MEG
1630,100,-250,-150,-250,1.0,31,1,147,MEG
1631,100,-250,-150,-400,1.0,32,1,147,MEG
1632,100,-250,-150,-550,1.0,33,1,147,MEG
1633,100,0,100,-450,2.0,34,1,147,MEG
1634,100,0,100,-350,2.0,35,1,147,MEG
1635,100,0,100,-250,2.0,36,1,147,MEG
1636,100,0,100,-150,2.0,37,1,147,MEG
1637,100,-1250,-1150,-1300,2.0,38,1,147,MEG
1638,100,0,100,-1200,1.0,39,1,147,MEG
1639,100,-250,-150,-1350,1.0,40,1,147,MEG
1640,100,0,100,100,1.0,1,2,147,MEG
1641,100,0,100,200,2.0,2,2,147,MEG
1642,50,-50,0,200,3.0,3,2,147,MEG
1643,50,0,50,250,4.0,4,2,147,MEG
1644,50,-50,0,250,3.0,5,2,147,MEG
1645,50,0,50,300,3.0,6,2,147,MEG
1646,50,0,50,350,3.0,7,2,147,MEG
1647,50,0,50,400,3.0,8,2,147,MEG
1648,50,-50,0,400,3.0,9,2,147,MEG
1649,50,0,50,450,3.0,10,2,147,MEG
1650,50,-50,0,450,3.0,11,2,147,MEG
1651,50,-50,0,450,3.0,12,2,147,MEG
1652,50,0,50,500,3.0,13,2,147,MEG
1653,50,0,50,550,3.0,14,2,147,MEG
1654,50,-50,0,550,3.0,15,2,147,MEG
1655,50,0,50,600,3.0,16,2,147,MEG
1656,50,-50,0,600,3.0,17,2,147,MEG
1657,50,0,50,650,3.0,18,2,147,MEG
1658,50,-50,0,650,3.0,19,2,147,MEG
1659,50,0,50,700,3.0,20,2,147,MEG
1660,50,-50,0,700,3.0,21,2,147,MEG
1661,50,-50,0,700,3.0,22,2,147,MEG
1662,50,-50,0,700,3.0,23,2,147,MEG
1663,50,-50,0,700,3.0,24,2,147,MEG
1664,50,0,50,750,3.0,25,2,147,MEG
1665,50,0,50,800,3.0,26,2,147,MEG
1666,50,0,50,850,3.0,27,2,147,MEG
1667,50,-50,0,850,3.0,28,2,147,MEG
1668,50,0,50,900,3.0,29,2,147,MEG
1669,50,0,50,950,3.0,30,2,147,MEG
1670,50,-50,0,950,3.0,31,2,147,MEG
1671,50,0,50,1000,3.0,32,2,147,MEG
1672,50,0,50,1050,3.0,33,2,147,MEG
1673,50,-50,0,1050,3.0,34,2,147,MEG
1674,50,0,50,1100,3.0,35,2,147,MEG
1675,50,0,50,1150,3.0,36,2,147,MEG
1676,50,-50,0,1150,3.0,37,2,147,MEG
1677,50,-50,0,1150,3.0,38,2,147,MEG
1678,50,-50,0,1150,3.0,39,2,147,MEG
1679,50,0,50,1200,3.0,40,2,147,MEG
1680,50,0,50,50,3.0,1,3,147,MEG
1681,50,-50,0,50,3.0,2,3,147,MEG
1682,50,-50,0,50,3.0,3,3,147,MEG
1683,50,0,50,100,3.0,4,3,147,MEG
1684,50,0,50,150,3.0,5,3,147,MEG
1685,50,-50,0,150,3.0,6,3,147,MEG
1686,50,0,50,200,3.0,7,3,147,MEG
1687,50,-50,0,200,3.0,8,3,147,MEG
1688,50,-50,0,200,3.0,9,3,147,MEG
1689,50,0,50,250,3.0,10,3,147,MEG
1690,50,0,50,300,3.0,11,3,147,MEG
1691,50,-50,0,300,3.0,12,3,147,MEG
1692,50,0,50,350,3.0,13,3,147,MEG
1693,50,0,50,400,3.0,14,3,147,MEG
1694,50,-50,0,400,3.0,15,3,147,MEG
1695,50,-50,0,400,3.0,16,3,147,MEG
1696,50,0,50,450,3.0,17,3,147,MEG
1697,50,-50,0,450,3.0,18,3,147,MEG
1698,50,-50,0,450,3.0,19,3,147,MEG
1699,50,-50,0,450,3.0,20,3,147,MEG
1700,50,0,50,500,3.0,21,3,147,MEG
1701,50,-50,0,500,3.0,22,3,147,MEG
1702,50,-50,0,500,3.0,23,3,147,MEG
1703,50,0,50,550,3.0,24,3,147,MEG
1704,50,-50,0,550,3.0,25,3,147,MEG
1705,50,0,50,600,3.0,26,3,147,MEG
1706,50,0,50,650,3.0,27,3,147,MEG
1707,50,0,50,700,3.0,28,3,147,MEG
1708,50,-50,0,700,3.0,29,3,147,MEG
1709,50,-50,0,700,3.0,30,3,147,MEG
1710,50,0,50,750,3.0,31,3,147,MEG
1711,50,-50,0,750,3.0,32,3,147,MEG
1712,50,0,50,800,3.0,33,3,147,MEG
1713,50,0,50,850,3.0,34,3,147,MEG
1714,50,0,50,900,3.0,35,3,147,MEG
1715,50,-50,0,900,3.0,36,3,147,MEG
1716,50,0,50,950,3.0,37,3,147,MEG
1717,50,-50,0,950,3.0,38,3,147,MEG
1718,50,-50,0,950,3.0,39,3,147,MEG
1719,50,0,50,1000,3.0,40,3,147,MEG
1720,50,-50,0,0,3.0,1,4,147,MEG
1721,50,0,50,50,3.0,2,4,147,MEG
1722,50,-50,0,50,3.0,3,4,147,MEG
1723,50,-50,0,50,3.0,4,4,147,MEG
1724,50,0,50,100,3.0,5,4,147,MEG
1725,50,0,50,150,3.0,6,4,147,MEG
1726,50,0,50,200,3.0,7,4,147,MEG
1727,50,-50,0,200,3.0,8,4,147,MEG
1728,50,-50,0,200,3.0,9,4,147,MEG
1729,50,0,50,250,3.0,10,4,147,MEG
1730,50,0,50,300,3.0,11,4,147,MEG
1731,50,0,50,350,3.0,12,4,147,MEG
1732,50,0,50,400,3.0,13,4,147,MEG
1733,50,-50,0,400,3.0,14,4,147,MEG
1734,50,-50,0,400,3.0,15,4,147,MEG
1735,50,-50,0,400,3.0,16,4,147,MEG
1736,50,-50,0,400,3.0,17,4,147,MEG
1737,50,0,50,450,3.0,18,4,147,MEG
1738,50,-50,0,450,3.0,19,4,147,MEG
1739,50,-50,0,450,3.0,20,4,147,MEG
1740,50,0,50,500,3.0,21,4,147,MEG
1741,50,0,50,550,3.0,22,4,147,MEG
1742,50,-50,0,550,3.0,23,4,147,MEG
1743,50,0,50,600,3.0,24,4,147,MEG
1744,50,-50,0,600,3.0,25,4,147,MEG
1745,50,0,50,650,3.0,26,4,147,MEG
1746,50,-50,0,650,3.0,27,4,147,MEG
1747,50,0,50,700,3.0,28,4,147,MEG
1748,50,-50,0,700,3.0,29,4,147,MEG
1749,50,-50,0,700,3.0,30,4,147,MEG
1750,50,0,50,750,3.0,31,4,147,MEG
1751,50,-50,0,750,3.0,32,4,147,MEG
1752,50,0,50,800,3.0,33,4,147,MEG
1753,50,-50,0,800,3.0,34,4,147,MEG
1754,50,0,50,850,3.0,35,4,147,MEG
1755,50,-50,0,850,3.0,36,4,147,MEG
1756,50,0,50,900,3.0,37,4,147,MEG
1757,50,0,50,950,3.0,38,4,147,MEG
1758,50,-50,0,950,3.0,39,4,147,MEG
1759,50,0,50,1000,3.0,40,4,147,MEG
1760,50,0,50,50,4.0,1,1,148,MEG
1761,100,-250,-150,-100,1.0,2,1,148,MEG
1762,100,-250,-150,-250,1.0,3,1,148,MEG
1763,100,0,100,-150,2.0,4,1,148,MEG
1764,50,0,50,-100,3.0,5,1,148,MEG
1765,50,0,50,-50,4.0,6,1,148,MEG
1766,100,0,100,50,2.0,7,1,148,MEG
1767,100,0,100,150,2.0,8,1,148,MEG
1768,100,0,100,250,2.0,9,1,148,MEG
1769,100,0,100,350,2.0,10,1,148,MEG
1770,100,0,100,450,2.0,11,1,148,MEG
1771,100,-1250,-1150,-700,2.0,12,1,148,MEG
1772,100,0,100,-600,2.0,13,1,148,MEG
1773,100,0,100,-500,2.0,14,1,148,MEG
1774,100,0,100,-400,2.0,15,1,148,MEG
1775,100,0,100,-300,2.0,16,1,148,MEG
1776,100,0,100,-200,2.0,17,1,148,MEG
1777,50,-250,-200,-400,4.0,18,1,148,MEG
1778,100,0,100,-300,2.0,19,1,148,MEG
1779,100,0,100,-200,2.0,20,1,148,MEG
1780,100,-1250,-1150,-1350,2.0,21,1,148,MEG
1781,100,0,100,-1250,2.0,22,1,148,MEG
1782,100,0,100,-1150,2.0,23,1,148,MEG
1783,100,0,100,-1050,2.0,24,1,148,MEG
1784,100,0,100,-950,2.0,25,1,148,MEG
1785,100,0,100,-850,2.0,26,1,148,MEG
1786,50,-50,0,-850,3.0,27,1,148,MEG
1787,100,0,100,-750,2.0,28,1,148,MEG
1788,100,0,100,-650,2.0,29,1,148,MEG
1789,100,0,100,-550,2.0,30,1,148,MEG
1790,100,-1250,-1150,-1700,2.0,31,1,148,MEG
1791,100,0,100,-1600,2.0,32,1,148,MEG
1792,100,0,100,-1500,2.0,33,1,148,MEG
1793,100,0,100,-1400,2.0,34,1,148,MEG
1794,100,0,100,-1300,2.0,35,1,148,MEG
1795,100,0,100,-1200,2.0,36,1,148,MEG
1796,100,0,100,-1100,1.0,37,1,148,MEG
1797,100,0,100,-1000,2.0,38,1,148,MEG
1798,100,0,100,-900,2.0,39,1,148,MEG
1799,100,0,100,-800,1.0,40,1,148,MEG
1800,100,0,100,100,2.0,1,2,148,MEG
1801,100,0,100,200,2.0,2,2,148,MEG
1802,100,0,100,300,2.0,3,2,148,MEG
1803,100,0,100,400,2.0,4,2,148,MEG
1804,100,0,100,500,2.0,5,2,148,MEG
1805,100,0,100,600,1.0,6,2,148,MEG
1806,100,-1250,-1150,-550,2.0,7,2,148,MEG
1807,100,0,100,-450,2.0,8,2,148,MEG
1808,100,0,100,-350,2.0,9,2,148,MEG
1809,100,0,100,-250,2.0,10,2,148,MEG
1810,100,0,100,-150,2.0,11,2,148,MEG
1811,100,0,100,-50,2.0,12,2,148,MEG
1812,100,-250,-150,-200,1.0,13,2,148,MEG
1813,100,-1250,-1150,-1350,2.0,14,2,148,MEG
1814,100,0,100,-1250,2.0,15,2,148,MEG
1815,100,0,100,-1150,2.0,16,2,148,MEG
1816,100,0,100,-1050,2.0,17,2,148,MEG
1817,100,0,100,-950,2.0,18,2,148,MEG
1818,100,0,100,-850,2.0,19,2,148,MEG
1819,100,0,100,-750,2.0,20,2,148,MEG
1820,50,0,50,-700,3.0,21,2,148,MEG
1821,50,0,50,-650,4.0,22,2,148,MEG
1822,100,0,100,-550,1.0,23,2,148,MEG
1823,50,-50,0,-550,3.0,24,2,148,MEG
1824,100,0,100,-450,2.0,25,2,148,MEG
1825,100,-1250,-1150,-1600,2.0,26,2,148,MEG
1826,100,0,100,-1500,2.0,27,2,148,MEG
1827,100,0,100,-1400,2.0,28,2,148,MEG
1828,100,0,100,-1300,2.0,29,2,148,MEG
1829,100,0,100,-1200,2.0,30,2,148,MEG
1830,100,0,100,-1100,2.0,31,2,148,MEG
1831,50,0,50,-1050,4.0,32,2,148,MEG
1832,50,-50,0,-1050,3.0,33,2,148,MEG
1833,50,0,50,-1000,4.0,34,2,148,MEG
1834,50,0,50,-950,4.0,35,2,148,MEG
1835,50,0,50,-900,4.0,36,2,148,MEG
1836,100,0,100,-800,2.0,37,2,148,MEG
1837,100,0,100,-700,2.0,38,2,148,MEG
1838,100,0,100,-600,2.0,39,2,148,MEG
1839,100,0,100,-500,2.0,40,2,148,MEG
1840,100,0,100,100,2.0,1,3,148,MEG
1841,100,0,100,200,2.0,2,3,148,MEG
1842,100,0,100,300,2.0,3,3,148,MEG
1843,100,0,100,400,2.0,4,3,148,MEG
1844,100,0,100,500,2.0,5,3,148,MEG
1845,50,0,50,550,4.0,6,3,148,MEG
1846,50,0,50,600,4.0,7,3,148,MEG
1847,50,-250,-200,400,4.0,8,3,148,MEG
1848,50,0,50,450,4.0,9,3,148,MEG
1849,50,0,50,500,4.0,10,3,148,MEG
1850,100,0,100,600,2.0,11,3,148,MEG
1851,100,0,100,700,2.0,12,3,148,MEG
1852,100,0,100,800,2.0,13,3,148,MEG
1853,100,-1250,-1150,-350,2.0,14,3,148,MEG
1854,50,0,50,-300,4.0,15,3,148,MEG
1855,50,0,50,-250,4.0,16,3,148,MEG
1856,50,0,50,-200,4.0,17,3,148,MEG
1857,50,0,50,-150,4.0,18,3,148,MEG
1858,50,0,50,-100,4.0,19,3,148,MEG
1859,50,0,50,-50,4.0,20,3,148,MEG
1860,50,0,50,0,4.0,21,3,148,MEG
1861,50,0,50,50,4.0,22,3,148,MEG
1862,50,0,50,100,4.0,23,3,148,MEG
1863,50,-250,-200,-100,4.0,24,3,148,MEG
1864,50,0,50,-50,4.0,25,3,148,MEG
1865,50,0,50,0,4.0,26,3,148,MEG
1866,50,0,50,50,4.0,27,3,148,MEG
1867,50,0,50,100,4.0,28,3,148,MEG
1868,50,0,50,150,4.0,29,3,148,MEG
1869,50,0,50,200,4.0,30,3,148,MEG
1870,50,0,50,250,4.0,31,3,148,MEG
1871,50,0,50,300,4.0,32,3,148,MEG
1872,50,0,50,350,4.0,33,3,148,MEG
1873,50,-250,-200,150,4.0,34,3,148,MEG
1874,50,0,50,200,4.0,35,3,148,MEG
1875,50,0,50,250,4.0,36,3,148,MEG
1876,50,0,50,300,4.0,37,3,148,MEG
1877,50,0,50,350,4.0,38,3,148,MEG
1878,50,0,50,400,4.0,39,3,148,MEG
1879,50,0,50,450,4.0,40,3,148,MEG
1880,100,0,100,100,2.0,1,4,148,MEG
1881,100,0,100,200,2.0,2,4,148,MEG
1882,100,0,100,300,2.0,3,4,148,MEG
1883,100,0,100,400,2.0,4,4,148,MEG
1884,100,0,100,500,2.0,5,4,148,MEG
1885,50,0,50,550,4.0,6,4,148,MEG
1886,50,0,50,600,4.0,7,4,148,MEG
1887,50,0,50,650,4.0,8,4,148,MEG
1888,50,0,50,700,4.0,9,4,148,MEG
1889,50,0,50,750,4.0,10,4,148,MEG
1890,50,0,50,800,4.0,11,4,148,MEG
1891,50,0,50,850,4.0,12,4,148,MEG
1892,50,0,50,900,4.0,13,4,148,MEG
1893,50,0,50,950,4.0,14,4,148,MEG
1894,50,-250,-200,750,4.0,15,4,148,MEG
1895,50,0,50,800,4.0,16,4,148,MEG
1896,50,0,50,850,4.0,17,4,148,MEG
1897,50,0,50,900,4.0,18,4,148,MEG
1898,50,0,50,950,4.0,19,4,148,MEG
1899,50,0,50,1000,4.0,20,4,148,MEG
1900,50,0,50,1050,4.0,21,4,148,MEG
1901,50,0,50,1100,4.0,22,4,148,MEG
1902,50,0,50,1150,4.0,23,4,148,MEG
1903,50,-250,-200,950,4.0,24,4,148,MEG
1904,50,0,50,1000,4.0,25,4,148,MEG
1905,50,0,50,1050,4.0,26,4,148,MEG
1906,50,0,50,1100,4.0,27,4,148,MEG
1907,50,0,50,1150,4.0,28,4,148,MEG
1908,50,-250,-200,950,4.0,29,4,148,MEG
1909,50,0,50,1000,4.0,30,4,148,MEG
1910,50,0,50,1050,4.0,31,4,148,MEG
1911,50,0,50,1100,4.0,32,4,148,MEG
1912,50,0,50,1150,4.0,33,4,148,MEG
1913,50,0,50,1200,4.0,34,4,148,MEG
1914,50,0,50,1250,4.0,35,4,148,MEG
1915,50,-250,-200,1050,4.0,36,4,148,MEG
1916,50,0,50,1100,4.0,37,4,148,MEG
1917,50,0,50,1150,4.0,38,4,148,MEG
1918,50,0,50,1200,4.0,39,4,148,MEG
1919,50,0,50,1250,4.0,40,4,148,MEG
