onset_decks,condition,t_select,frames_before_decks,dur_win,ID,deck_select,total,t_moves,dur_decks,onset_win,win,exp_type,rt_select,dur_measured_decks,init_mark,frames_after_decks,no,offset_decks,n_moves,offset_win,loss,session
0.9982286000013119,iowa_exp,4.613795500001288,48,240,,2,100,[4.088835400005337],600,5.213891399995191,100,"['fMRI', 'EEG', 'MEG']",3.615566899999976,,0,72,1,,1,,0,3
7.666130300000077,iowa_exp,9.3324530999962,48,240,,2,200,"[8.298672100005206, 8.690652000004775]",600,9.932380099999136,100,"['fMRI', 'EEG', 'MEG']",1.6663227999961236,,3,72,2,,2,,0,3
12.384660700001405,iowa_exp,14.15964189999795,48,240,,2,300,"[12.89209110000229, 13.350636999995913, 13.775894899998093]",600,14.75927789999696,100,"['fMRI', 'EEG', 'MEG']",1.774981199996546,,2,72,3,,3,,0,3
17.194827300001634,iowa_exp,19.661399400007213,48,240,,2,400,"[17.668950399995083, 18.077576700001373]",600,20.261414399996283,100,"['fMRI', 'EEG', 'MEG']",2.4665721000055782,,3,72,4,,2,,0,3
22.722025800001575,iowa_exp,23.662950099998852,48,240,,4,450,"[23.02103449999413, 23.39614630000142]",600,24.262977100006538,50,"['fMRI', 'EEG', 'MEG']",0.9409242999972776,,1,72,5,,2,,0,3
26.698623899996164,iowa_exp,27.27268229999754,48,240,,4,500,[],600,27.87270449999778,50,"['fMRI', 'EEG', 'MEG']",0.5740584000013769,,3,72,6,,0,,0,3
30.308327899998403,iowa_exp,31.159553999998025,48,240,,4,550,[30.807728500003577],600,31.75757600000361,50,"['fMRI', 'EEG', 'MEG']",0.8512260999996215,,2,72,7,,1,,0,3
34.17648449999979,iowa_exp,35.11740889999783,48,240,,4,600,[34.750656499993056],600,35.71742620000441,50,"['fMRI', 'EEG', 'MEG']",0.940924399998039,,2,72,8,,1,,0,3
38.16970319999382,iowa_exp,39.46911750000436,48,240,,4,650,"[38.77715840000019, 39.17739739999524]",600,40.06912499999453,50,"['fMRI', 'EEG', 'MEG']",1.2994143000105396,,1,72,9,,2,,0,3
42.49640299999737,iowa_exp,43.42901900000288,48,240,,4,700,[43.07115109999722],600,44.02900650000083,50,"['fMRI', 'EEG', 'MEG']",0.9326160000055097,,2,72,10,,1,,0,3
46.439556600002106,iowa_exp,47.84735619999992,48,240,,4,750,"[46.855312700005015, 47.23053169999912, 47.556544699997175]",600,48.44736710000143,50,"['fMRI', 'EEG', 'MEG']",1.4077995999978157,,0,72,11,,3,,0,3
50.899635699999635,iowa_exp,52.02635400000145,48,240,,4,800,"[51.33210759999929, 51.7581566000008]",600,52.624051599996164,50,"['fMRI', 'EEG', 'MEG']",1.1267183000018122,,1,72,12,,2,,0,3
55.06795159999456,iowa_exp,56.50082719999773,48,240,,2,-350,[],600,57.10078940000676,100,"['fMRI', 'EEG', 'MEG']",1.4328756000031717,,1,72,13,,0,,-1250,3
59.82816059999459,iowa_exp,63.34507769999618,48,240,,2,-250,"[60.89408810000168, 61.24503439999535]",600,63.94510929999524,100,"['fMRI', 'EEG', 'MEG']",3.516917100001592,,3,72,14,,2,,0,3
66.3807123000006,iowa_exp,67.3466436000017,48,240,,2,-150,[66.87984369999322],600,67.94666990000405,100,"['fMRI', 'EEG', 'MEG']",0.9659313000011025,,0,72,15,,1,,0,3
70.39894970000023,iowa_exp,70.98979570000665,48,240,,2,-50,[],600,71.58976610000536,100,"['fMRI', 'EEG', 'MEG']",0.5908460000064224,,1,72,16,,0,,0,3
74.00864519999595,iowa_exp,75.9666728000011,48,240,,1,50,[],600,76.56667600000219,100,"['fMRI', 'EEG', 'MEG']",1.9580276000051526,,0,72,17,,0,,0,3
78.99397939999471,iowa_exp,80.88535719999345,48,240,,4,100,"[79.2929984999937, 79.94320860000153, 80.2682816000015, 80.6024150000012]",600,81.48526709999715,50,"['fMRI', 'EEG', 'MEG']",1.891377799998736,,3,72,18,,4,,0,3
83.92079780000495,iowa_exp,86.09557059999497,48,240,,4,150,"[84.40332739999576, 84.89519019999716, 85.50460000000021]",600,86.69563329999801,50,"['fMRI', 'EEG', 'MEG']",2.1747727999900235,,0,72,19,,3,,0,3
89.16453059999913,iowa_exp,90.43111150000186,48,240,,4,200,"[89.68059449999419, 90.09720509999897]",600,91.030651699999,50,"['fMRI', 'EEG', 'MEG']",1.2665809000027366,,1,72,20,,2,,0,3
93.71629369999573,iowa_exp,94.85742869999376,48,240,,4,0,[94.38220579999324],600,95.45739480000339,50,"['fMRI', 'EEG', 'MEG']",1.1411349999980303,,2,72,21,,1,,-250,3
97.86797770000703,iowa_exp,98.58379299999797,48,240,,4,50,[],600,99.18382380000548,50,"['fMRI', 'EEG', 'MEG']",0.7158152999909362,,3,72,22,,0,,0,3
101.6277376999933,iowa_exp,103.15229559999716,48,240,,4,100,"[102.17687809999916, 102.55205990000104, 102.85214499999711]",600,103.75227440000162,50,"['fMRI', 'EEG', 'MEG']",1.524557900003856,,0,72,23,,3,,0,3
106.17949999999837,iowa_exp,106.83704879999277,48,240,,4,150,[],600,107.4370568000013,50,"['fMRI', 'EEG', 'MEG']",0.6575487999944016,,3,72,24,,0,,0,3
109.88102149999759,iowa_exp,110.43851530000393,48,240,,4,200,[],600,111.03846239999984,50,"['fMRI', 'EEG', 'MEG']",0.5574938000063412,,3,72,25,,0,,0,3
113.4823505999957,iowa_exp,114.67397030000575,48,240,,4,250,"[113.98984300000302, 114.43283400000655]",600,115.27341670000169,50,"['fMRI', 'EEG', 'MEG']",1.191619700010051,,1,72,26,,2,,0,3
117.68405799999891,iowa_exp,118.61661739999545,48,240,,4,300,[118.26014709999436],600,119.21664119999332,50,"['fMRI', 'EEG', 'MEG']",0.9325593999965349,,2,72,27,,1,,0,3
121.6772559999954,iowa_exp,122.71904840000207,48,240,,4,350,"[122.00970559999405, 122.3931212000025]",600,123.32658110000193,50,"['fMRI', 'EEG', 'MEG']",1.0417924000066705,,1,72,28,,2,,0,3
125.77883110000403,iowa_exp,127.0866318000044,48,240,,4,400,"[126.10291600000346, 126.46216850000201, 126.80305800000497]",600,127.6865739000059,50,"['fMRI', 'EEG', 'MEG']",1.3078007000003709,,0,72,29,,3,,0,3
130.13053450000007,iowa_exp,131.94732289999956,48,240,,4,450,"[130.5638326000044, 131.1547722999967, 131.57168019999517]",600,132.54682430000685,50,"['fMRI', 'EEG', 'MEG']",1.8167883999994956,,0,72,30,,3,,0,3
134.97408590000123,iowa_exp,135.7658192999952,48,240,,4,500,[135.46484679999412],600,136.37331979999726,50,"['fMRI', 'EEG', 'MEG']",0.7917333999939729,,2,72,31,,1,,0,3
138.8005950999941,iowa_exp,139.44140559999505,48,240,,4,300,[],600,140.0414075000008,50,"['fMRI', 'EEG', 'MEG']",0.6408105000009527,,3,72,32,,0,,-250,3
142.57706880000478,iowa_exp,143.15117880000616,48,240,,4,350,[],600,143.75119320000522,50,"['fMRI', 'EEG', 'MEG']",0.574110000001383,,3,72,33,,0,,0,3
146.20348700000613,iowa_exp,147.62872480000078,48,240,,4,400,"[146.88708499999484, 147.36122589999286]",600,148.2363117000059,50,"['fMRI', 'EEG', 'MEG']",1.4252377999946475,,1,72,34,,2,,0,3
150.7052049000049,iowa_exp,151.54615609999746,48,240,,4,450,[151.22092579999298],600,152.14613360000658,50,"['fMRI', 'EEG', 'MEG']",0.8409511999925599,,2,72,35,,1,,0,3
154.5816863999935,iowa_exp,156.4664330999949,48,240,,4,500,"[155.10585930000525, 155.4893549999979, 155.96500050000031]",600,157.06473410000035,50,"['fMRI', 'EEG', 'MEG']",1.8847467000014149,,0,72,36,,3,,0,3
159.5002558999986,iowa_exp,160.19954689999577,48,240,,4,550,[159.80871670000488],600,160.79951539999456,50,"['fMRI', 'EEG', 'MEG']",0.6992909999971744,,2,72,37,,1,,0,3
163.21844939999573,iowa_exp,164.3095128999994,48,240,,4,600,"[163.58415480000258, 163.9843652999989]",600,164.90943590000097,50,"['fMRI', 'EEG', 'MEG']",1.0910635000036564,,1,72,38,,2,,0,3
167.33670430000348,iowa_exp,168.5777364999958,48,240,,4,650,"[167.88696420000633, 168.31098169999314]",600,169.17779149999842,50,"['fMRI', 'EEG', 'MEG']",1.2410321999923326,,1,72,39,,2,,0,3
171.6467585000064,iowa_exp,172.38761109999905,48,240,,4,700,[],600,172.98760769999353,50,"['fMRI', 'EEG', 'MEG']",0.7408525999926496,,3,72,40,,0,,0,3
